ID,URL,Category,Status,Created At
10,https://www.trendyol.com/remtun/afs-tech-vakumlu-silikon-vantuzlu-3mm-yapiskanli-telefon-tutucu-1-adet-beyaz-pembe-p-818710013,telefon,failed,2026-01-10 07:55:02
19,https://www.trendyol.com/apple/15-macbook-air-apple-m4-chip-with-10-core-cpu-and-10-core-gpu-16gb-256gb-ssd-gece-yarisi-p-904728396,laptop,failed,2026-01-10 07:55:10
20,https://www.trendyol.com/hp/victus-amd-ryzen-7-8845hs-16gb-1tb-ssd-rtx4060-8gb-15-6-freedos-fhd-144hz-gaming-laptop-b82n5ea-p-959953848,laptop,processing,2026-01-10 07:55:10
31,https://www.trendyol.com/happiness-istanbul/kadin-siyah-sari-desenli-halter-yaka-kusakli-viskon-elbise-an00261-p-951701962,elbise,pending,2026-01-10 07:55:31
32,https://www.trendyol.com/khar/meloni-aksesuarli-sandy-elbise-p-1043364910,elbise,pending,2026-01-10 07:55:31
33,https://www.trendyol.com/network/bordo-desenli-mini-elbise-p-1042349367,elbise,pending,2026-01-10 07:55:31
34,https://www.trendyol.com/kigili/7-drop-slim-fit-dar-kesim-mevsimlik-takim-elbise-p-873741522,elbise,pending,2026-01-10 07:55:31
35,https://www.trendyol.com/chuba/kadin-dik-yaka-baklava-desenli-kazak-elbise-siyah-kahve-26w3037-p-1054055958,elbise,pending,2026-01-10 07:55:31
36,https://www.trendyol.com/khar/gomlek-yaka-dantel-detay-mini-kemerli-elbise-p-1082336460,elbise,pending,2026-01-10 07:55:31
37,https://www.trendyol.com/esrahelvaci/gomlek-yaka-dantel-detay-mini-elbise-p-1053969396,elbise,pending,2026-01-10 07:55:31
38,https://www.trendyol.com/mooi-butik/lost-maxi-elbise-8644-aci-kahve-p-1035143228,elbise,pending,2026-01-10 07:55:31
39,https://www.trendyol.com/viyamo/yeni-sezon-modern-klasik-bir-arada-ithal-krep-kruvaze-yaka-yandan-dugmeli-midi-elbise-p-1064459395,elbise,pending,2026-01-10 07:55:31
41,https://www.trendyol.com/ebrou/kadin-aci-kahve-buyuk-boy-omuz-ve-tote-canta-genis-hacim-p-970041703,çanta,pending,2026-01-10 07:55:38
42,https://www.trendyol.com/mojeva/mona-acikahverengi-uzun-sapli-baget-el-ve-omuz-kadin-cantasi-p-886119680,çanta,pending,2026-01-10 07:55:38
43,https://www.trendyol.com/lizzy-bag/koyu-kahverengi-suni-deri-tek-bolmeli-fermuarli-ayarlanabilir-askili-el-kolve-omuz-cantasi-e-20-u-12-p-984328098,çanta,pending,2026-01-10 07:55:38
44,https://www.trendyol.com/kontes/kadin-fularli-fermuarli-shopper-el-ve-omuz-cantasi-p-898198883,çanta,pending,2026-01-10 07:55:38
45,https://www.trendyol.com/genel-markalar/omuz-cantasi-kadin-siyah-est226-mini-el-ve-omuz-cantasi-sik-tasarim-ayarlanabilir-askili-p-903027817,çanta,pending,2026-01-10 07:55:38
46,https://www.trendyol.com/shaka/kirisik-dokulu-kahverengi-shk184-suni-deri-fermuarli-tek-bolmeli-askili-el-kol-ve-omuz-cantasi-p-1039882325,çanta,pending,2026-01-10 07:55:38
47,https://www.trendyol.com/myleebutik/kadin-monogram-omuz-ve-el-cantasi-zincirli-p-1051978187,çanta,pending,2026-01-10 07:55:38
48,https://www.trendyol.com/rimense/kadin-aci-kahverengi-el-ve-omuz-cantasi-p-976649962,çanta,pending,2026-01-10 07:55:38
49,https://www.trendyol.com/lizzy-bag/siyah-suni-deri-kirisik-kumas-tek-bolmeli-fermuarli-ayarlanabilir-askili-el-omuz-cantasi-p-1044808778,çanta,pending,2026-01-10 07:55:38
50,https://www.trendyol.com/home/krem-kadin-suni-deri-sapli-kucuk-boy-el-ve-omuz-cantasi-p-857561135,çanta,pending,2026-01-10 07:55:38
51,https://www.trendyol.com/lenovo/tab-10-1-inc-4-128gb-wuxga-tablet-kilif-zaeh0039tr-p-888168426,tablet,pending,2026-01-10 07:55:46
53,https://www.trendyol.com/samsung/galaxy-tab-s11-ultra-12gb-256gb-gumus-tablet-p-978670939,tablet,pending,2026-01-10 07:55:46
58,https://www.trendyol.com/samsung/galaxy-tab-s11-12gb-128gb-gumus-tablet-p-978670938,tablet,processing,2026-01-10 07:55:46
61,https://www.trendyol.com/mateo/kablosuz-bluetooth-kulaklik-ios-android-uyumlu-yuksek-ses-kalitesi-mikrofonlu-stereo-kulaklik-p-775932808,kulaklık,pending,2026-01-10 07:55:53
62,https://www.trendyol.com/favors/dots-e6s-bluetooth-kulaklik-hd-ses-extra-bass-yuksek-mikrofon-kalitesi-p-143889066,kulaklık,pending,2026-01-10 07:55:53
63,https://www.trendyol.com/abbruch/pro-5-ios-android-uyumlu-dokunmatik-bluetooth-kulaklik-8d-stereo-hd-ses-p-233129679,kulaklık,pending,2026-01-10 07:55:53
64,https://www.trendyol.com/genel-markalar/tasinabilir-4k-destekli-full-hd-projektor-oda-nemlendiricisi-hediyeli-270-doner-govde-p-1039143914,kulaklık,pending,2026-01-10 07:55:53
65,https://www.trendyol.com/tarcin/air-4-pro-anc-bluetooth-kulaklik-gurultu-engelleyici-4-nesil-k2-cipli-40-guclendirilmis-batarya-p-893370327,kulaklık,pending,2026-01-10 07:55:53
66,https://www.trendyol.com/tarcin/pro3-anc-2026-yeni-nesil-kablosuz-bluetooth-kulaklik-gurultu-engelleme-hd-ses-dokunmatik-kontrol-p-1028621962,kulaklık,pending,2026-01-10 07:55:53
67,https://www.trendyol.com/ocado/beyaz-1-nesil-pro-a-kalite-uyumlu-tum-telefonlar-ile-uyumlu-bluetooth-5-0-kulaklik-p-685744930,kulaklık,pending,2026-01-10 07:55:53
68,https://www.trendyol.com/jbl/tune-t570bt-siyah-wireless-bluetooth-kulak-ustu-kulaklik-jb-t570btblkeu-p-759079554,kulaklık,pending,2026-01-10 07:55:53
69,https://www.trendyol.com/bloofy-tech/p9-kulaklik-kafa-ustu-kulaklik-kablosuz-kulaklik-p-930196138,kulaklık,pending,2026-01-10 07:55:53
70,https://www.trendyol.com/tarcin/air-pro-2-anc-gurultu-engelleyici-bluetooth-kulaklik-ios-android-tum-telefonlar-ile-uyumlu-kulaklik-p-819066262,kulaklık,pending,2026-01-10 07:55:53
71,https://www.trendyol.com/swarovski/symbolica-kolye-nazarlik-mavi-karisik-metal-yuzey-p-877618657,saat,pending,2026-01-10 07:56:01
72,https://www.trendyol.com/metaquartz-aksesuar/metal-iskandinav-kadran-gold-buyuk-boy-50x75cm-3adet-pil-gelmektedir-metal-duvar-saati-p-666992559,saat,pending,2026-01-10 07:56:01
73,https://www.trendyol.com/swarovski/symbolica-bileklik-nazarlik-mavi-karisik-metal-yuzey-p-877460521,saat,pending,2026-01-10 07:56:01
74,https://www.trendyol.com/english-home/cara-duvar-saati-30-cm-koyu-krem-p-1048612835,saat,pending,2026-01-10 07:56:01
75,https://www.trendyol.com/galaxy/is-sat-yeni-model-modern-klasik-duvar-saati-p-379802771,saat,pending,2026-01-10 07:56:01
76,https://www.trendyol.com/metaquartz-aksesuar/timelles-kristal-ozel-seri-quartz-mekanizmali-ledli-duvar-saati-p-704541619,saat,pending,2026-01-10 07:56:01
77,https://www.trendyol.com/swarovski/swan-kolye-kugu-siyah-rodyum-kaplama-p-1051481941,saat,pending,2026-01-10 07:56:01
78,https://www.trendyol.com/mudo-home/paula-brown-duvar-saati-50cm-p-362746521,saat,pending,2026-01-10 07:56:01
79,https://www.trendyol.com/swarovski/crystalline-aura-saat-isvicre-uretimi-deri-kayis-yesil-pembe-altin-rengi-yuzey-p-382028689,saat,pending,2026-01-10 07:56:01
80,https://www.trendyol.com/casio/a159w-n1-vintage-dijital-kol-saati-p-1059970,saat,pending,2026-01-10 07:56:01
81,https://www.trendyol.com/q-aksesuar/silikon-vakumlu-telefon-tutucu-cep-telefonu-icin-silikon-yapiskanli-kaymaz-vantuz-telefon-tutucu-p-980144490,telefon,pending,2026-01-11 06:46:35
82,https://www.trendyol.com/apple/yenilenmis-iphone-11-64-gb-beyaz-cep-telefonu-12-ay-garantili-a-kalite-p-356251114,telefon,pending,2026-01-11 06:46:35
83,https://www.trendyol.com/hiking/a42-128-gb-6gb-ram-cep-telefonu-acik-mavi-p-692035257,telefon,pending,2026-01-11 06:46:35
84,https://www.trendyol.com/xiaomi/redmi-note-14-8-256-siyah-xiaomi-turkiye-garantili-p-891692672,telefon,pending,2026-01-11 06:46:35
85,https://www.trendyol.com/apple/iphone-17-256gb-sis-mavisi-p-985256848,telefon,pending,2026-01-11 06:46:35
86,https://www.trendyol.com/go-aksesuar/iphone-11-uyumlu-mat-siyah-magsafe-ozellikli-darbe-onleyici-seffaf-silikon-kilif-p-828365604,telefon,pending,2026-01-11 06:46:35
87,https://www.trendyol.com/akar/kuromi-muzikli-oyuncak-telefon-mor-p-1074304612,telefon,pending,2026-01-11 06:46:35
88,https://www.trendyol.com/samsung/galaxy-a07-4-128-gb-siyah-cep-telefonu-p-975557749,telefon,pending,2026-01-11 06:46:35
89,https://www.trendyol.com/apple/iphone-17-pro-512gb-kozmik-turuncu-p-985256846,telefon,pending,2026-01-11 06:46:35
90,https://www.trendyol.com/vivo/y04-4gb-128gb-vivo-turkiye-garantili-p-922030637,telefon,pending,2026-01-11 06:46:35
91,https://www.trendyol.com/apple/iphone-13-128-gb-yildiz-isigi-cep-telefonu-apple-turkiye-garantili-p-150059024,telefon,pending,2026-01-11 06:46:35
92,https://www.trendyol.com/xiaomi/redmi-13-8-gb-ram-256-gb-siyah-cep-telefonu-xiaomi-turkiye-garantili-p-836127382,telefon,pending,2026-01-11 06:46:35
93,https://www.trendyol.com/flying-tiger-copenhagen/gold-telefon-tutacagi-p-1027458240,telefon,pending,2026-01-11 06:46:35
94,https://www.trendyol.com/samsung/galaxy-a16-4-gb-ram-128-gb-gri-p-882761835,telefon,pending,2026-01-11 06:46:35
95,https://www.trendyol.com/let-s-be-child/lc-oyuncak-30900-egitici-akilli-telefonum-kirmizi-p-156608131,telefon,pending,2026-01-11 06:46:35
96,https://www.trendyol.com/go-aksesuar/iphone-11-12-gorunumlu-uyumlu-magsafe-ozellikli-darbe-onleyici-seffaf-silikon-kilif-p-767447091,telefon,pending,2026-01-11 06:46:35
97,https://www.trendyol.com/samsung/galaxy-a16-128-gb-4-gb-ram-siyah-cep-telefonu-samsung-turkiye-garantili-p-881465224,telefon,pending,2026-01-11 06:46:35
98,https://www.trendyol.com/apple/iphone-17-pro-max-512gb-abis-p-985256867,telefon,pending,2026-01-11 06:46:35
99,https://www.trendyol.com/tecno/spark-go-2-4-128-tecno-turkiye-garantili-p-956061945,telefon,pending,2026-01-11 06:46:35
100,https://www.trendyol.com/brother-toys/oyuncak-kukuli-cep-telefonu-dokunmatik-12-fonksiyonlu-turkce-sesli-isikli-muzikli-telefon-pembe-p-847834846,telefon,pending,2026-01-11 06:46:35
101,https://www.trendyol.com/tcl/20e-telefon-alacakaranlik-mavisi-p-169612395,telefon,pending,2026-01-11 06:46:35
102,https://www.trendyol.com/maybax/lila-sim-kartsiz-internetsiz-akilli-cocuk-telefonu-cift-kamera-muzik-egitici-oyun-kilif-aski-hediye-p-979232436,telefon,pending,2026-01-11 06:46:35
103,https://www.trendyol.com/xiaomi/redmi-note-14-pro-8-256-siyah-xiaomi-turkiye-garantili-p-891692674,telefon,pending,2026-01-11 06:46:35
104,https://www.trendyol.com/go-aksesuar/iphone-11-uyumlu-elmas-tasarimli-tasli-isiltili-parlak-pirlanta-silikon-kilif-p-894953222,telefon,pending,2026-01-11 06:46:35
105,https://www.trendyol.com/reeder/s19-max-2gb-2gb-ram-128-gb-siyah-cep-telefonu-turkiye-garantili-p-820945507,telefon,pending,2026-01-11 06:46:35
106,https://www.trendyol.com/casper/via-a40-256-gb-8-gb-ram-gece-mavisi-p-789060483,telefon,pending,2026-01-11 06:46:35
107,https://www.trendyol.com/apple/yenilenmis-iphone-11-64-gb-beyaz-cep-telefonu-12-ay-garantili-b-kalite-p-316177451,telefon,pending,2026-01-11 06:46:35
108,https://www.trendyol.com/apple/iphone-16-pro-max-256gb-siyah-titanyum-p-857296077,telefon,pending,2026-01-11 06:46:35
109,https://www.trendyol.com/go-aksesuar/iphone-11-uyumlu-elmas-tasarimli-tasli-isiltili-parlak-pirlanta-silikon-kilif-p-894953602,telefon,pending,2026-01-11 06:46:35
110,https://www.trendyol.com/genel-markalar/sesli-ve-isikli-egitici-kumandam-p-32274055,telefon,pending,2026-01-11 06:46:35
111,https://www.trendyol.com/hiking/a43-128-gb-6-gb-ram-gold-cep-telefonu-p-707276700,telefon,pending,2026-01-11 06:46:35
112,https://www.trendyol.com/apple/13-macbook-air-apple-m2-chip-with-8-core-cpu-and-8-core-gpu-16gb-256gb-gece-yarisi-p-871069136,laptop,pending,2026-01-11 06:47:04
113,https://www.trendyol.com/casper/nirvana-x600-ryzen5-7430u-16gb-1tb-ssd-15-6-freedos-laptop-x600-7430-bf00x-g-f-p-893543896,laptop,pending,2026-01-11 06:47:04
114,https://www.trendyol.com/apple/16-macbook-pro-apple-m4-pro-chip-with-14-core-cpu-and-20-core-gpu-48gb-512gb-ssd-gumus-p-872448739,laptop,pending,2026-01-11 06:47:04
115,https://www.trendyol.com/hp/victus-intel-core-i7-14700hx-16gb-ddr5-512gb-ssd-rtx4070-8gb-16-1-144hz-freedos-9j227ea-uyumlu-p-957408136,laptop,pending,2026-01-11 06:47:04
116,https://www.trendyol.com/casper/nirvana-intel-celeron-n4020-4gb-ram-120gb-ssd-windows-11-home-15-6-hd-laptop-c370-4020-4c00b-p-358003688,laptop,pending,2026-01-11 06:47:04
117,https://www.trendyol.com/apple/13-macbook-air-apple-m4-chip-with-10-core-cpu-and-8-core-gpu-16gb-256gb-ssd-gok-mavisi-p-904728352,laptop,pending,2026-01-11 06:47:04
118,https://www.trendyol.com/hometech/alfa-620c-intel-celeron-n4020-4-gb-128-gb-ssd-windows-11-14-1-tn-tasinabilir-bilgisayar-p-658259965,laptop,pending,2026-01-11 06:47:04
119,https://www.trendyol.com/apple/14-macbook-pro-apple-m4-max-chip-with-14-core-cpu-and-32-core-gpu-36gb-1tb-ssd-gumus-p-872448749,laptop,pending,2026-01-11 06:47:04
120,https://www.trendyol.com/apple/13-macbook-air-apple-m4-chip-with-10-core-cpu-and-8-core-gpu-16gb-256gb-ssd-yildiz-isigi-p-904728359,laptop,pending,2026-01-11 06:47:04
121,https://www.trendyol.com/monster/abra-a5-v21-5-intel-core-i5-12450h-16gb-500gb-ssd-rtx-3050-freedos-15-6-144-hz-p-1055630264,laptop,pending,2026-01-11 06:47:04
122,https://www.trendyol.com/lenovo/ideapad-slim-3-15ian8-intel-n100-4gb-ram-128gb-ssd-intel-uhd-graphics-15-6-fhd-w11-gri-noteb-p-880174765,laptop,pending,2026-01-11 06:47:04
123,https://www.trendyol.com/onda/tablet-pc-oliver-intel-n5030-3-10-ghz-8gb-ram-128gb-ssd-10-1-fhd-ips-dokunmatik-win11-pro-p-827304166,laptop,pending,2026-01-11 06:47:04
124,https://www.trendyol.com/hp/omen-max-16-ak0005nt-bq1y0ea-12gb-rtx5070-ti-amd-ryzen-ai-9-hx375-32gb-ram-1tb-ssd-16-2k-165hz-p-959069943,laptop,pending,2026-01-11 06:47:04
125,https://www.trendyol.com/lenovo/ideapad-slim-3-intel-celeron-n100-4gb-128gb-intel-uhd-graphics-15-6-fhd-w11-notebook-82xb009gtx-p-941342405,laptop,pending,2026-01-11 06:47:04
126,https://www.trendyol.com/casper/nirvana-s100-300nit-i7-13620h-16gb-ddr5-480gb-ssd-16-freedos-laptop-s100-1362-bv00x-g-f-p-898617339,laptop,pending,2026-01-11 06:47:04
127,https://www.trendyol.com/lenovo/ideapad-slim-3-intel-core-i5-13420h-8gb-512ssd-15-3-wuxga-freedos-dizustu-bilgisayar-83k1004etr-p-929838698,laptop,pending,2026-01-11 06:47:04
128,https://www.trendyol.com/acer/nitro-lite-nl16-71-intel-core-i5-13420h-16g-512gb-ssd-rtx4050-16-wuxga-165hz-freedos-nh-daeey-001-p-992227492,laptop,pending,2026-01-11 06:47:04
129,https://www.trendyol.com/acer/aspire-lite-al15-32p-intel-celeron-n4500-8gb-256gb-ssd-15-6-fhd-freedos-bilgisayar-nx-j9sey-001-p-1033173108,laptop,pending,2026-01-11 06:47:04
130,https://www.trendyol.com/apple/16-macbook-pro-apple-m4-pro-chip-with-14-core-cpu-and-20-core-gpu-24gb-512gb-ssd-uzay-siyahi-p-872449423,laptop,pending,2026-01-11 06:47:04
131,https://www.trendyol.com/casper/excalibur-g870-i7-13620h-32gb-1tb-115w-rtx5050-165hz-15-6-freedos-gaming-laptop-g870-1362-df50x-c-p-960884261,laptop,pending,2026-01-11 06:47:04
132,https://www.trendyol.com/lenovo/ideapad-slim-3-intel-celeron-n100-4gb-128gb-intel-uhd-graphics-15-6-fhd-w11-notebook-p-382953334,laptop,pending,2026-01-11 06:47:04
133,https://www.trendyol.com/lenovo/ideapad-3-intel-core-i3-n305-8gb-512gb-ssd-15-6-fhd-freedos-tasinabilir-bilgisayar-82xb00b4tx-p-879898801,laptop,pending,2026-01-11 06:47:04
134,https://www.trendyol.com/esti/10-adet-ayakkabi-kutusu-seffaf-ayakkabi-saklama-kutusu-kadin-ve-erkek-p-817310687,ayakkabı,pending,2026-01-11 06:47:38
135,https://www.trendyol.com/dark-seer/beyaz-unisex-sneaker-p-42713792,ayakkabı,pending,2026-01-11 06:47:38
136,https://www.trendyol.com/uslu/unisex-air-sneaker-gunluk-kullanim-icin-uygun-spor-ayakkabi-p-978715866,ayakkabı,pending,2026-01-11 06:47:38
137,https://www.trendyol.com/genel-markalar/yumusak-suni-deri-ortopedik-sorelis-erkek-spor-ayakkabi-p-365286920,ayakkabı,pending,2026-01-11 06:47:38
138,https://www.trendyol.com/mio-styllo/kamira-bordo-rugan-cift-tokali-kadin-topuklu-ayakkabi-p-796586459,ayakkabı,pending,2026-01-11 06:47:38
139,https://www.trendyol.com/dark-seer/beyaz-mavi-unisex-sneaker-p-35839749,ayakkabı,pending,2026-01-11 06:47:38
140,https://www.trendyol.com/senyayla-plastik/3-adet-cizme-saklama-kutusu-p-175875879,ayakkabı,pending,2026-01-11 06:47:38
141,https://www.trendyol.com/campus/black-kadin-gunluk-sneaker-spor-ayakkabi-p-921814715,ayakkabı,pending,2026-01-11 06:47:38
142,https://www.trendyol.com/meleni-home/12-li-ayarlanabilir-ayakkabi-rampasi-yukseklik-ayarli-ayakkabi-duzenleyici-dolap-ici-organizer-p-982841421,ayakkabı,pending,2026-01-11 06:47:38
143,https://www.trendyol.com/togo/zima-nude-parasut-kadin-kar-botu-060056-p-860318838,ayakkabı,pending,2026-01-11 06:47:38
144,https://www.trendyol.com/soho/beyaz-unisex-sneaker-17105-p-251836448,ayakkabı,pending,2026-01-11 06:47:38
145,https://www.trendyol.com/soho/kadin-beyaz-sneaker-15226-p-46284462,ayakkabı,pending,2026-01-11 06:47:38
146,https://www.trendyol.com/dark-seer/kadin-beyaz-pudra-sneaker-p-68329560,ayakkabı,pending,2026-01-11 06:47:38
147,https://www.trendyol.com/togo/beyaz-parasut-kadin-kar-botu-060058-p-860243263,ayakkabı,pending,2026-01-11 06:47:38
148,https://www.trendyol.com/bahrina/kadin-siyah-suet-leopar-kalin-tabanli-sneaker-p-1082316951,ayakkabı,pending,2026-01-11 06:47:38
149,https://www.trendyol.com/bershka/acik-topuklu-topuklu-ayakkabi-p-940146231,ayakkabı,pending,2026-01-11 06:47:38
150,https://www.trendyol.com/esti/5-adet-ayakkabi-kutusu-seffaf-ayakkabi-saklama-kutusu-p-817324713,ayakkabı,pending,2026-01-11 06:47:38
151,https://www.trendyol.com/xstep/xtep-spor-ayak-p-251814605,ayakkabı,pending,2026-01-11 06:47:38
152,https://www.trendyol.com/myzenne/happy-valentines-day-kirazli-snaker-p-889335898,ayakkabı,pending,2026-01-11 06:47:38
153,https://www.trendyol.com/togo/beyaz-kadin-kar-botu-051815-p-953416195,ayakkabı,pending,2026-01-11 06:47:38
154,https://www.trendyol.com/meleni-home/10-lu-tekli-ayakkabi-duzenleyici-rampa-p-33719595,ayakkabı,pending,2026-01-11 06:47:38
155,https://www.trendyol.com/soho/kahve-suet-kadin-bot-bootie-21071-p-1017315784,ayakkabı,pending,2026-01-11 06:47:38
156,https://www.trendyol.com/mr/spor-ayakkabi-p-991211541,ayakkabı,pending,2026-01-11 06:47:38
157,https://www.trendyol.com/ramberio/unisex-spor-ayakkabi-yuruyus-ayk-dn-her-renk-p-979419966,ayakkabı,pending,2026-01-11 06:47:38
158,https://www.trendyol.com/togo/siyah-parasut-kadin-kar-botu-060057-p-952844584,ayakkabı,pending,2026-01-11 06:47:38
159,https://www.trendyol.com/togo/lacivert-kadin-kar-botu-p-674742801,ayakkabı,pending,2026-01-11 06:47:38
160,https://www.trendyol.com/togo/nude-parasut-kadin-kar-botu-060060-p-860322329,ayakkabı,pending,2026-01-11 06:47:38
161,https://www.trendyol.com/puma/skye-clean-beyaz-kadin-sneaker-380147-02-p-76180247,ayakkabı,pending,2026-01-11 06:47:38
162,https://www.trendyol.com/togo/siyah-rugan-kadin-kar-botu-051816-p-953416335,ayakkabı,pending,2026-01-11 06:47:38
163,https://www.trendyol.com/dark-seer/ds-storm-beyaz-siyah-unisex-sneaker-p-898536601,ayakkabı,pending,2026-01-11 06:47:38
164,https://www.trendyol.com/tonny-black/unisex-beyaz-siyah-termo-taban-yani-seritli-bagcikli-spor-ayakkabi-p-879885114,ayakkabı,pending,2026-01-11 06:47:38
165,https://www.trendyol.com/mandlyz/askili-midi-elbise-p-946572304,elbise,pending,2026-01-11 06:48:09
166,https://www.trendyol.com/sheeny/nil-lacivert-klos-etek-saten-midi-boy-abiye-elbise-p-958718114,elbise,pending,2026-01-11 06:48:09
167,https://www.trendyol.com/kenza-a-triko/kadin-ispanyol-kol-desenli-triko-elbise-p-886480068,elbise,pending,2026-01-11 06:48:09
168,https://www.trendyol.com/pelin-yildiz-butik/fayet-celik-triko-elbise-p-1039120918,elbise,pending,2026-01-11 06:48:09
169,https://www.trendyol.com/lacase/drafe-sandy-kare-yaka-siyah-elbise-kolu-sifon-p-852527894,elbise,pending,2026-01-11 06:48:09
170,https://www.trendyol.com/sia-less/kadin-zincir-detayli-romantik-dekolte-yakali-mini-boyundan-baglamali-elbise-p-1070579314,elbise,pending,2026-01-11 06:48:09
171,https://www.trendyol.com/genel-markalar/siyah-midi-boy-pul-payet-elbise-p-886780463,elbise,pending,2026-01-11 06:48:09
172,https://www.trendyol.com/martyz/beli-buzgulu-etegi-volanli-mini-elbise-p-1056099453,elbise,pending,2026-01-11 06:48:09
173,https://www.trendyol.com/esrahelvaci/astarli-dantel-detay-dik-yaka-elbise-p-985755589,elbise,pending,2026-01-11 06:48:09
174,https://www.trendyol.com/betulaksubutik/tul-elbise-p-776769025,elbise,pending,2026-01-11 06:48:09
175,https://www.trendyol.com/woolnclyde/kadin-siyah-hakim-yaka-gumus-puantiye-detay-transparan-tul-kollu-astarli-drapeli-midi-abiye-elbise-p-853020062,elbise,pending,2026-01-11 06:48:09
176,https://www.trendyol.com/genel-markalar/kare-yaka-maxi-boy-tas-detayli-pera-beyaz-elbise-p-990383061,elbise,pending,2026-01-11 06:48:09
177,https://www.trendyol.com/lumuteks/bordo-karpuz-kollu-midi-boy-elbise-p-1041220323,elbise,pending,2026-01-11 06:48:09
178,https://www.trendyol.com/stilvibe/kare-yaka-fener-kol-pu-deri-a-kesim-elbise-editorun-sectikleri-kemersiz-p-870838898,elbise,pending,2026-01-11 06:48:09
179,https://www.trendyol.com/sb-collectionn/kadin-siyah-sirt-dekolte-yirtmacli-elbise-p-302734251,elbise,pending,2026-01-11 06:48:09
180,https://www.trendyol.com/esrahelvaci/bel-buzgulu-dantel-detay-mini-elbise-p-1055925423,elbise,pending,2026-01-11 06:48:09
181,https://www.trendyol.com/sozan/isabella-tek-omuz-detayli-drapelli-sendy-yirtmacli-elbise-p-906015057,elbise,pending,2026-01-11 06:48:09
182,https://www.trendyol.com/je-tu/etegi-kat-kat-volanli-mini-elbise-jt9060-p-982413647,elbise,pending,2026-01-11 06:48:09
183,https://www.trendyol.com/ecemore/genis-kollu-sirt-detayli-mini-elbise-p-1082022761,elbise,pending,2026-01-11 06:48:09
184,https://www.trendyol.com/nika-fashion/dik-yaka-transparan-detayli-bluz-p-1065089502,elbise,pending,2026-01-11 06:48:09
185,https://www.trendyol.com/stradivarius/kadife-kolsuz-kisa-elbise-p-1045651266,elbise,pending,2026-01-11 06:48:09
186,https://www.trendyol.com/butik/suni-deri-fular-detayli-omuz-el-cantasi-p-1071160112,çanta,pending,2026-01-11 06:48:49
187,https://www.trendyol.com/rimense/kadin-aci-kahverengi-suet-aci-kahverengi-suni-deri-fermuarli-astarli-el-ve-omuz-cantasi-p-992046791,çanta,pending,2026-01-11 06:48:49
188,https://www.trendyol.com/honey-bag/soft-model-acikahverengi-kadin-omuz-ve-kol-cantasi-p-779290712,çanta,pending,2026-01-11 06:48:49
189,https://www.trendyol.com/hapbuy/kadin-siyah-omuz-cantasi-yumusak-ic-ve-dis-dokulu-kaliteli-iscilik-ve-yumusak-suni-deri-el-cantasi-p-826407400,çanta,pending,2026-01-11 06:48:49
190,https://www.trendyol.com/housebags/rugan-kahverengi-cok-yonlu-pu-deri-capraz-askili-canta-p-1044592469,çanta,pending,2026-01-11 06:48:49
191,https://www.trendyol.com/bag-more/kadin-siyah-trend-kare-canta-basit-mini-crossbody-canta-minimalist-sapli-omuz-cantasi-canta-el-canta-p-849601792,çanta,pending,2026-01-11 06:48:49
192,https://www.trendyol.com/bag-more/kadin-siyah-omuz-cantasi-el-cantasi-yavrulu-canta-p-943669072,çanta,pending,2026-01-11 06:48:49
193,https://www.trendyol.com/sowa-collection/3lu-set-cit-citli-astarli-kanvas-kadin-el-ve-omuz-cantasi-makyaj-cantasi-p-957075458,çanta,pending,2026-01-11 06:48:49
194,https://www.trendyol.com/shift-co/farme-monogram-kahverengi-capraz-canta-p-904850601,çanta,pending,2026-01-11 06:48:49
195,https://www.trendyol.com/lizzy-bag/kahverengi-suni-deri-kirisik-kumas-tek-bolmeli-fermuarli-ayarlanabilir-askili-el-omuz-cantasi-p-1044803426,çanta,pending,2026-01-11 06:48:49
196,https://www.trendyol.com/stradivarius/omuz-cantasi-p-959445460,çanta,pending,2026-01-11 06:48:49
197,https://www.trendyol.com/night/bonnie-model-aci-kahve-charm-hediyeli-kadin-el-ve-omuz-cantasi-p-893365881,çanta,pending,2026-01-11 06:48:49
198,https://www.trendyol.com/hapbuy/luna-fermuarli-kadin-suet-omuz-cantasi-gunluk-kullanim-p-1016807697,çanta,pending,2026-01-11 06:48:49
199,https://www.trendyol.com/night/paula-model-aci-kahve-kadin-el-ve-omuz-cantasi-p-792930069,çanta,pending,2026-01-11 06:48:49
200,https://www.trendyol.com/huawei/matepad-se-1-7ghz-6gb-128gb-11inch-emui-tablet-p-1038287029,tablet,pending,2026-01-11 06:49:23
201,https://www.trendyol.com/lenovo/tab-m10-4gb-128gb-10-1-tablet-kilif-klavye-mouse-sarj-basligi-kalem-hediyeli-p-960174638,tablet,pending,2026-01-11 06:49:23
202,https://www.trendyol.com/samsung/galaxy-tab-s10-fe-plus-128-gb-13-1-gumus-tablet-p-924102586,tablet,pending,2026-01-11 06:49:23
203,https://www.trendyol.com/lenovo/tab-4gb-ram-128-gb-hafiza-10-1-inch-m10-gri-tablet-seffaf-kilif-pembe-klavye-ve-mouse-kalem-p-983082142,tablet,pending,2026-01-11 06:49:23
204,https://www.trendyol.com/samsung/galaxy-tab-s10-lite-sm-x400-256-gb-10-9-tablet-gri-p-978670809,tablet,pending,2026-01-11 06:49:23
205,https://www.trendyol.com/neffo/17-pro-max-tablet-10-1-fhd-ekran-4-gb-ram-64gb-hafiza-8000-mah-batarya-klavye-mause-kalem-p-1045517148,tablet,pending,2026-01-11 06:49:23
206,https://www.trendyol.com/vorcom/quartzpro-6gb-128gb-10-1-1920-1200-hd-ips-ekran-tablet-kilif-ekran-koruyucu-hediyeli-p-635523807,tablet,pending,2026-01-11 06:49:23
207,https://www.trendyol.com/vorcom/sxpro-6gb-64gb-10-1-1280-800-hd-ips-ekran-tablet-kilif-ekran-koruyucu-hediyeli-p-52231931,tablet,pending,2026-01-11 06:49:23
208,https://www.trendyol.com/honor/pad-x8a-2-4ghz-4gb-128gb-11-android-tablet-p-869512722,tablet,pending,2026-01-11 06:49:23
209,https://www.trendyol.com/lenovo/zaek0030tr-tab-tb311fu-4gb-64gb-depolama-10-1-wuxga-1920x1200-ips-ip52-android-tablet-p-923107642,tablet,pending,2026-01-11 06:49:23
210,https://www.trendyol.com/lenovo/tab-one-4gb-128gb-8-7-tablet-kilif-zaf00214tr-p-984226737,tablet,pending,2026-01-11 06:49:23
211,https://www.trendyol.com/xiaomi/redmi-pad-2-4gb-ram-128gb-rom-gri-xiaomi-turkiye-garantili-p-947618671,tablet,pending,2026-01-11 06:49:23
212,https://www.trendyol.com/maxron/mx12-2gb-32gb-10-1-1280-800-hd-ips-ekran-tablet-kilif-ekran-koruyucu-hediyeli-p-1058038142,tablet,pending,2026-01-11 06:49:23
213,https://www.trendyol.com/samsung/galaxy-tab-a11-4gb-64gb-gumus-tablet-p-978670932,tablet,pending,2026-01-11 06:49:23
214,https://www.trendyol.com/samsung/galaxy-tab-a11-4gb-64gb-gri-tablet-p-978670943,tablet,pending,2026-01-11 06:49:23
215,https://www.trendyol.com/vorcom/ultrapad-8gb-256gb-10-36-2000-1200-hd-ips-ekran-tablet-kilif-ekran-koruyucu-hediyeli-p-675549841,tablet,pending,2026-01-11 06:49:23
216,https://www.trendyol.com/huawei/matepad-se-11-4-128gb-p-945353738,tablet,pending,2026-01-11 06:49:23
217,https://www.trendyol.com/teclast/p30t-4-128-gb-10-1-tablet-kilif-klavye-mouse-kulaklik-kalem-stand-hediyeli-p-1026041049,tablet,pending,2026-01-11 06:49:23
218,https://www.trendyol.com/airstorr/7-inc-cocuklara-android-tabletler-10-0-32gb-2gb-rom-cocuklar-icin-egitim-tablet-wifi-p-1049526975,tablet,pending,2026-01-11 06:49:23
219,https://www.trendyol.com/samsung/galaxy-tab-s10-fe-128-gb-10-9-gri-tablet-p-924102588,tablet,pending,2026-01-11 06:49:23
220,https://www.trendyol.com/vorcom/avalon-256-gb-hafiza-8-gb-ram-10-36-inc-2-4k-22-000-mah-pil-harman-kardon-profesyonel-tablet-p-797532025,tablet,pending,2026-01-11 06:49:23
221,https://www.trendyol.com/apple/11-ipad-wi-fi-128gb-gumus-p-904298041,tablet,pending,2026-01-11 06:49:23
222,https://www.trendyol.com/neffo/5g-wifi-android-13-cocuk-tableti-on-arka-kamerali-egitim-ve-oyun-icin-kilifli-tablet-pembe-p-994622177,tablet,pending,2026-01-11 06:49:23
223,https://www.trendyol.com/xiaomi/redmi-pad-2-8gb-ram-256gb-rom-gri-xiaomi-turkiye-garantili-p-947618669,tablet,pending,2026-01-11 06:49:23
224,https://www.trendyol.com/samsung/galaxy-tab-a11-8gb-128gb-gri-tablet-p-978670940,tablet,pending,2026-01-11 06:49:23
225,https://www.trendyol.com/barbanti-mobile/pro-ios-android-uyumlu-kablosuz-bluetooth-kulaklik-karisik-renk-kilif-hediyeli-p-672471753,kulaklık,pending,2026-01-11 06:49:57
226,https://www.trendyol.com/mmctech/yeni-nesil-sik-ergonomik-tasarim-extra-bass-kablosuz-bluetooth-mikrofonlu-spor-kulaklik-sd-kartli-p-773807277,kulaklık,pending,2026-01-11 06:49:57
227,https://www.trendyol.com/qcy/buds-bluetooth-kulaklik-ipx4-35-saat-ultra-uzun-pil-omru-dusuk-gecikme-0-06s-ai-beyaz-p-925997407,kulaklık,pending,2026-01-11 06:49:57
228,https://www.trendyol.com/jbl/tune-525bt-mavi-multi-connect-wireless-kulak-ustu-kulaklik-p-901332020,kulaklık,pending,2026-01-11 06:49:57
229,https://www.trendyol.com/teknoloji-gelsin/bluetooth-kulaklik-kablosuz-kulakustu-isikli-katlanabilir-mikrofonlu-fm-aux-sd-siyah-p-119607851,kulaklık,pending,2026-01-11 06:49:57
230,https://www.trendyol.com/favors/e7s-dots-bluetooth-kulaklik-extra-bass-hd-ses-cift-mikrofon-universal-kablosuz-kulaklik-p-316477202,kulaklık,pending,2026-01-11 06:49:57
231,https://www.trendyol.com/camci/kablosuz-bluetooth-kulaklik-ios-android-uyumlu-yuksek-ses-kalitesi-mikrofonlu-stereo-kulaklik-p-1062878010,kulaklık,pending,2026-01-11 06:49:57
232,https://www.trendyol.com/ocado/beyaz-3-nesil-uyumlu-ios-android-uyumlu-bluetooth-5-0-kulakici-kulaklik-p-320195028,kulaklık,pending,2026-01-11 06:49:57
233,https://www.trendyol.com/favors/pro-ios-android-uyumlu-yeni-nesil-wireless-charge-bluetooth-kulaklik-kilif-hediyeli-p-314585747,kulaklık,pending,2026-01-11 06:49:57
234,https://www.trendyol.com/ocado/yeni-pro-ios-android-uyumlu-a-kalite-hd-ses-bluetooth-kulaklik-p-1050644048,kulaklık,pending,2026-01-11 06:49:57
235,https://www.trendyol.com/deilmi/dots-e6s-bluetooth-kulaklik-universal-hd-ses-ios-android-xiaomi-uyumlu-cift-mikrofon-extra-bass-ae6s-p-125042212,kulaklık,pending,2026-01-11 06:49:57
236,https://www.trendyol.com/heyplus/a1-bluetooth-kulaklik-bluetooth-5-4-ios-android-uyumlu-kablosuz-kulaklik-p-861952580,kulaklık,pending,2026-01-11 06:49:57
237,https://www.trendyol.com/trktech/siyah-kilif-hediyeli-beyaz-pro-2-nesil-ios-android-uyumlu-bluetooth-kulaklik-p-871166324,kulaklık,pending,2026-01-11 06:49:57
238,https://www.trendyol.com/mateo/kablosuz-bluetooth-kulaklik-ios-android-uyumlu-yuksek-ses-kalitesi-mikrofonlu-stereo-kulaklik-p-776896321,kulaklık,pending,2026-01-11 06:49:57
239,https://www.trendyol.com/trktech/kilif-hediyeli-pro-5-plus-premium-a-kalite-bluetooth-surum-5-3-bluetooth-kulaklik-p-666158167,kulaklık,pending,2026-01-11 06:49:57
240,https://www.trendyol.com/havit/i62-katlanabilir-kafaustu-mikrofonlu-bluetooth-kulaklik-mavi-p-743522727,kulaklık,pending,2026-01-11 06:49:57
241,https://www.trendyol.com/lesgo/b39-kablosuz-bluetooth-kulaklik-led-isikli-kulakustu-her-telefona-uyumlu-aux-kablo-hediyeli-p-222767977,kulaklık,pending,2026-01-11 06:49:57
242,https://www.trendyol.com/xiaomi/redmi-buds-6-play-siyah-kulakici-kulaklik-anc-gurultu-onleme-bt5-4-ios-android-xiaomi-tr-garantili-p-855229295,kulaklık,pending,2026-01-11 06:49:57
243,https://www.trendyol.com/heyplus/s1-pro-bluetooth-kulaklik-ios-android-uyumlu-kablosuz-kulaklik-enc-4mikrofon-oyun-modu-p-898845358,kulaklık,pending,2026-01-11 06:49:57
244,https://www.trendyol.com/xiaomi/redmi-buds-6-play-pembe-kulakici-kulaklik-anc-gurultu-engelleme-bt-5-4-tws-xiaomi-tr-garantili-p-874809826,kulaklık,pending,2026-01-11 06:49:57
245,https://www.trendyol.com/deepora/lux-kadin-kol-saati-p-899654655,saat,pending,2026-01-11 06:50:29
246,https://www.trendyol.com/metaquartz-aksesuar/led-li-gold-7-24-kristal-buyuk-boy-50x75cm-3-adet-pil-hediye-dekoratif-metalduvar-saati-p-761527495,saat,pending,2026-01-11 06:50:29
247,https://www.trendyol.com/deepora/modern-kadin-kol-saati-p-1043639785,saat,pending,2026-01-11 06:50:29
248,https://www.trendyol.com/captiva/minimal-pinterest-pembe-kadran-kalp-charmli-kol-saati-p-985306020,saat,pending,2026-01-11 06:50:29
249,https://www.trendyol.com/daniel-klein/kadin-saat-orijinal-kristal-cam-2-yil-garantili-bileklikli-hediye-p-287099016,saat,pending,2026-01-11 06:50:29
250,https://www.trendyol.com/g-sport-polo/kadin-yilan-model-gold-rengi-kutu-kol-saati-p-353641704,saat,pending,2026-01-11 06:50:29
251,https://www.trendyol.com/genel-markalar/hediyelik-metal-eskitme-roma-rakamli-retro-duvar-saati-40-cm-p-72025859,saat,pending,2026-01-11 06:50:29
252,https://www.trendyol.com/casio/ltp-v005l-7audf-kadin-kol-saati-p-1931217,saat,pending,2026-01-11 06:50:29
253,https://www.trendyol.com/kaktuskedi/miknatisli-buzdolabi-saati-11-cm-london-p-800924018,saat,pending,2026-01-11 06:50:29
254,https://www.trendyol.com/cluppoloon/celik-kordon-kare-minimal-kadin-kol-saatii-p-861642979,saat,pending,2026-01-11 06:50:29
255,https://www.trendyol.com/ferrucci/rolex-kasa-takvimli-ici-yesil-kadin-kol-saati-p-961081740,saat,pending,2026-01-11 06:50:29
256,https://www.trendyol.com/casio/ltp-vt01d-7budf-kadin-kol-saati-p-5300076,saat,pending,2026-01-11 06:50:29
257,https://www.trendyol.com/tugbart/3-boyutlu-aynali-piyano-model-lambiri-yan-dekor-gold-roma-rakam-3lu-duvar-saati-p-785923822,saat,pending,2026-01-11 06:50:29
258,https://www.trendyol.com/captiva/gold-renk-oval-kasa-roma-rakamli-kelepce-kol-saati-ince-bilekler-icin-p-1057451121,saat,pending,2026-01-11 06:50:29
259,https://www.trendyol.com/daniel-klein/kadin-kol-saati-yeni-kolleksiyon-su-gecirmez-celik-premium-seri-p-923220357,saat,pending,2026-01-11 06:50:29
260,https://www.trendyol.com/metaquartz-aksesuar/gumus-cark-pirlanta-gercek-metal-abs-nano-gobek-duvar-saati-p-808454297,saat,pending,2026-01-11 06:50:29
261,https://www.trendyol.com/metaquartz-aksesuar/premium-gold-cark-pirlanta-kirilmaz-camli-modern-dekoratif-metal-duvar-saati-p-698028924,saat,pending,2026-01-11 06:50:29
262,https://www.trendyol.com/metaquartz-aksesuar/metal-cember-kadran-kristal-ozel-seri-quartz-mekanizmali-pilli-ledli-metal-duvar-saati-p-704541289,saat,pending,2026-01-11 06:50:29
263,https://www.trendyol.com/quartz/vintage-kadin-kol-saati-retro-minimal-model-koyu-kahve-renk-hakiki-deri-kordon-gold-kasa-p-864906618,saat,pending,2026-01-11 06:50:29
264,https://www.trendyol.com/poedagar/orijinal-paslanmaz-celik-erkek-lux-1-sinif-kol-saati-p-835800230,saat,pending,2026-01-11 06:50:29
265,https://www.trendyol.com/asse-tasarim/stylish-design-aynali-65cm-pilli-led-sessiz-mekanizma-ant-ant-sari-tr-rakam-p-839898025,saat,pending,2026-01-11 06:50:29
266,https://www.trendyol.com/samsung/galaxy-a07-4-128-gb-acik-mor-cep-telefonu-p-975557823,telefon,pending,2026-01-11 07:02:09
267,https://www.trendyol.com/lenovo/loq-amd-ryzen-5-7235hs-24gb-512gb-ssd-rtx3050-6gb-dos-15-6-fhd-95w-144hz-gaming-laptop-83jc00dxtr-p-892391467,laptop,pending,2026-01-11 07:02:38
268,https://www.trendyol.com/asus/tuf-gaming-f16-fx607vj-core-i5-210h-16gb-ram-512gb-ssd-rtx3050-16-wuxga-w11pro-p-808572911,laptop,pending,2026-01-11 07:02:38
269,https://www.trendyol.com/moda-degirmeni/kadin-seffaf-topuklu-ayakkabi-md1050-119-0001-p-82260669,ayakkabı,pending,2026-01-11 07:03:13
270,https://www.trendyol.com/moda-degirmeni/siyah-saten-kadin-tasli-fiyonklu-topuklu-ayakkabi-bg1042-119-0019-p-820415518,ayakkabı,pending,2026-01-11 07:03:13
271,https://www.trendyol.com/moda-degirmeni/gri-saten-kadin-tasli-tul-fiyonklu-sik-abiye-topuklu-ayakkabi-md1001-119-0002-p-900811494,ayakkabı,pending,2026-01-11 07:03:13
272,https://www.trendyol.com/adidas/runfalcon-unisex-spor-kosu-rahat-gunluk-kullanim-ayakkabisi-sneaker-p-888117513,ayakkabı,pending,2026-01-11 07:03:13
273,https://www.trendyol.com/moda-pie/poofy-kalin-taban-ici-kurklu-kadin-bot-kahve-suet-p-859112090,ayakkabı,pending,2026-01-11 07:03:13
274,https://www.trendyol.com/moda-degirmeni/siyah-saten-kadin-tasli-tul-fiyonklu-sik-abiye-topuklu-ayakkabi-md1001-119-0002-p-900824228,ayakkabı,pending,2026-01-11 07:03:13
275,https://www.trendyol.com/world-fashion-trends/wft5091-parmak-detayli-balikci-siyah-elbise-p-874801140,elbise,pending,2026-01-11 07:03:47
276,https://www.trendyol.com/olsamoda/kadin-v-yaka-pileli-saten-midi-elbise-p-949772238,elbise,pending,2026-01-11 07:03:47
277,https://www.trendyol.com/samsung/galaxy-tab-s10-lite-sm-x400-gumus-256-gb-10-9-tablet-p-978670811,tablet,pending,2026-01-11 07:04:55
278,https://www.trendyol.com/bloofy-tech/p9-kafa-ustu-kablosuz-kulaklik-tum-cihazlara-uyumludur-p-930195842,kulaklık,pending,2026-01-11 07:05:33
279,https://www.trendyol.com/metaquartz-aksesuar/gumus-kristal-seri-buyuk-boy-50x75cm-pilli-led-modern-dekoratif-duvar-saati-p-782192850,saat,pending,2026-01-11 07:06:03
280,https://www.trendyol.com/daniel-klein/marka-orijinal-sari-gumus-renk-2-yil-garantili-kesme-cam-kadin-kol-saati-bileklik-seti-hediyeli-p-1065190508,saat,pending,2026-01-11 07:06:03
281,https://www.trendyol.com/ferrucci/kadin-kol-saati-bileklik-ozel-seri-celik-kordon-kararma-renk-atma-yapmaz-bilekte-f-07-p-843118352,saat,pending,2026-01-11 07:06:03
282,https://www.trendyol.com/polo-air/spor-klasik-kadin-kol-saati-zirkon-tasli-yildiz-bileklik-kombin-gumus-pembe-renk-pl-1562b3-p-1054256452,saat,pending,2026-01-11 07:06:03
283,https://www.trendyol.com/polo-air/lux-tasli-kadin-kol-saati-gold-pembe-renk-pl-1512b4x-p-873058031,saat,pending,2026-01-11 07:06:03
284,https://www.trendyol.com/bimodabu/tasli-kadin-kol-saati-asansor-kordon-p-864798348,saat,pending,2026-01-11 07:06:03
285,https://www.trendyol.com/kiwi/kmx-3608-el-mikseri-5-hiz-ayari-200w-hamur-kancasi-cirpici-seti-p-33126417,ev aletleri,pending,2026-01-11 07:08:25
286,https://www.trendyol.com/karaca/caysever-3-in-1-konusan-cam-cay-makinesi-su-isitici-ve-mama-suyu-hazirlama-1700w-starlight-p-878995151,ev aletleri,pending,2026-01-11 07:08:25
287,https://www.trendyol.com/cookplus/retro-pamuk-seker-makinesi-p-803270278,ev aletleri,pending,2026-01-11 07:08:25
288,https://www.trendyol.com/philips/daily-collection-mikser-300w-5-hiz-ayari-ve-turbo-serit-cirpicilar-ve-hamur-cengelleri-hr3705-10-p-3817245,ev aletleri,pending,2026-01-11 07:08:25
289,https://www.trendyol.com/kiwi/kc-8217-mini-gida-dograyici-350-ml-kapasiteli-paslanmaz-celik-bicakli-p-1021396652,ev aletleri,pending,2026-01-11 07:08:25
290,https://www.trendyol.com/akel/elektrikli-termostatli-buyul-boy-katmer-gozleme-saci-at610-p-700577675,ev aletleri,pending,2026-01-11 07:08:25
291,https://www.trendyol.com/sinbo/shb-7505-5-i-1-arada-otomatik-dograyici-rende-dilimleme-makinesi-p-960761698,ev aletleri,pending,2026-01-11 07:08:25
292,https://www.trendyol.com/kiwi/kwc-7130-uzaktan-kumandali-sivi-puskurtmeli-cam-silme-robotu-p-856327850,ev aletleri,pending,2026-01-11 07:08:25
293,https://www.trendyol.com/karaca/gourmet-9-litre-ekstra-buyuk-hacim-8-kisilik-airfryer-p-794085973,ev aletleri,pending,2026-01-11 07:08:25
294,https://www.trendyol.com/genel-markalar/mer-2000w-elektrikli-luks-termostatli-50-cm-ekmek-gozleme-borek-ve-katmer-saci-p-32841891,ev aletleri,pending,2026-01-11 07:08:25
295,https://www.trendyol.com/fornello/bazlama-lahmacun-ve-yemek-pisirme-makinesi-p-796840915,ev aletleri,pending,2026-01-11 07:08:25
296,https://www.trendyol.com/kiwi/kc-8217-mini-gida-dograyici-350-ml-kapasiteli-paslanmaz-celik-bicakli-p-1021387710,ev aletleri,pending,2026-01-11 07:08:25
297,https://www.trendyol.com/gumruk-bey/gb-3-kademeli-kablosuz-otomatik-pratik-yemek-corba-sos-karistirici-cirpici-mini-mikser-mutfak-gereci-p-943983151,ev aletleri,pending,2026-01-11 07:08:25
298,https://www.trendyol.com/sinbo/smx-2770-1300w-standli-mikser-siyah-5-l-celik-hazneli-6-hiz-kademeli-p-1029486640,ev aletleri,pending,2026-01-11 07:08:25
299,https://www.trendyol.com/sinbo/smx-2772-cok-amacli-3in1-mutfak-sefi-hamur-yogurma-kiyma-makinesi-surahi-blender-1200w-yeni-model-p-949486008,ev aletleri,pending,2026-01-11 07:08:25
300,https://www.trendyol.com/homend/royaltea-1708h-paslanmaz-celik-konusan-cay-makinesi-inox-siyah-1800-w-p-55792894,ev aletleri,pending,2026-01-11 07:08:25
301,https://www.trendyol.com/en-siga/sarjli-kablosuz-yatak-kanepe-hali-toz-tuy-alerji-supurge-uv-isinli-ev-el-vakum-temizleme-toz-giderme-p-808141156,ev aletleri,pending,2026-01-11 07:08:25
302,https://www.trendyol.com/yui/xiaomi-philips-arzum-tefal-kumtel-uyumlu-16cm-hava-fritozu-airfryer-pisirme-kagidi-p-739244849,ev aletleri,pending,2026-01-11 07:08:25
303,https://www.trendyol.com/robwell/as28-airfryer-6-litre-sesli-uyari-yagsiz-hava-fritozu-robx-turkiye-garantili-p-645506899,ev aletleri,pending,2026-01-11 07:08:25
304,https://www.trendyol.com/sinbo/sco-5067-cok-fonksiyonlu-buharli-ve-yagda-pisirme-ozellikli-elektrikli-pisirici-p-1043335671,ev aletleri,pending,2026-01-11 07:08:25
305,https://www.trendyol.com/robo/sarjli-meyve-sebze-sarimsak-soyucu-p-1061774282,ev aletleri,pending,2026-01-11 07:08:25
306,https://www.trendyol.com/altus/al-2983-af-airfryer-6-5-litre-kapasiteli-4-8-kg-siyah-xl-ecofryer-p-861943799,ev aletleri,pending,2026-01-11 07:08:25
307,https://www.trendyol.com/yui/qcv-326-5-i-1-arada-otomatik-dograyici-rende-dilimleme-makinesi-p-142492007,ev aletleri,pending,2026-01-11 07:08:25
308,https://www.trendyol.com/fressi/fr-cm03-standli-dijital-gostergeli-cam-krem-cay-makinesi-p-892720063,ev aletleri,pending,2026-01-11 07:08:25
309,https://www.trendyol.com/babyjem/anne-sut-kasigi-p-125357956,bebek ürünleri,pending,2026-01-11 07:09:00
310,https://www.trendyol.com/rexon/elektrikli-gogus-pompasi-masaj-ve-biberon-ozellikli-sut-sagma-pompasi-mavi-p-754905434,bebek ürünleri,pending,2026-01-11 07:09:00
311,https://www.trendyol.com/babyhope/my-376-sarjli-giyilebilir-elektrikli-gogus-pompasi-sessiz-ve-elleri-serbest-kullanim-2-adet-p-937482286,bebek ürünleri,pending,2026-01-11 07:09:00
312,https://www.trendyol.com/zuu-baby/fileli-gri-katlanir-banyo-seti-uf-4lu-set-p-251089544,bebek ürünleri,pending,2026-01-11 07:09:00
313,https://www.trendyol.com/genel-markalar/baby-enia-3-lu-kombin-zurafa-aslan-geyik-set-sivi-gecirmez-mama-onlugu-p-825831060,bebek ürünleri,pending,2026-01-11 07:09:00
314,https://www.trendyol.com/babylike/vakumlu-bebek-banyo-mama-oturagi-p-698498122,bebek ürünleri,pending,2026-01-11 07:09:00
315,https://www.trendyol.com/home/kulakveren-tavsan-bambu-bolmeli-tabak-p-862743140,bebek ürünleri,pending,2026-01-11 07:09:00
316,https://www.trendyol.com/wee-baby/duo-simetrik-uclu-emzik-0-6-ay-no-1-p-981986220,bebek ürünleri,pending,2026-01-11 07:09:00
317,https://www.trendyol.com/bebekino/organik-penye-7-li-bebek-agiz-bezi-100-pamuk-kutulu-desenli-mendil-22-22cm-p-1042433437,bebek ürünleri,pending,2026-01-11 07:09:00
318,https://www.trendyol.com/bebechi/2-li-uzun-kollu-giyilebilir-zurafa-sevimli-ayi-desen-sivi-gecirmez-aktivite-ve-mama-onlugu-6-24-ay-p-891058578,bebek ürünleri,pending,2026-01-11 07:09:00
319,https://www.trendyol.com/omo/express-fresh-kotu-koku-karsiti-beyaz-ve-renkliler-1480ml-x1-capcanli-renkli-ve-siyahlar-x1-p-850591302,bebek ürünleri,pending,2026-01-11 07:09:00
320,https://www.trendyol.com/bebe-wini/bebewini-hediyelik-kahve-tavsan-tulum-takimi-p-847243090,bebek ürünleri,pending,2026-01-11 07:09:00
321,https://www.trendyol.com/babymond/cleanaura-ultraviyole-sarj-edilebilir-temizlik-cihazi-mikrobiyoloji-onayli-p-970690179,bebek ürünleri,pending,2026-01-11 07:09:00
322,https://www.trendyol.com/merve-yayinlari/40-mevlut-kurani-10-adet-yasin-cuzu-tesbih-hediyelik-mevlit-seti-vefat-cenaze-kina-nikah-bebek-dogum-p-890773655,bebek ürünleri,pending,2026-01-11 07:09:00
323,https://www.trendyol.com/momcozy/tasinabilir-su-ve-sut-isitici-p-947647154,bebek ürünleri,pending,2026-01-11 07:09:00
324,https://www.trendyol.com/flandoly/kugu-desenli-pembe-sivi-gecirmez-uzun-kollu-mama-ve-aktivite-onlugu-su-gecirmez-bebek-onluk-p-661755414,bebek ürünleri,pending,2026-01-11 07:09:00
325,https://www.trendyol.com/bebechi/3-lu-kombin-sevimli-ayi-ceylan-kugu-set-sivi-gecirmez-mama-onlugu-p-778771647,bebek ürünleri,pending,2026-01-11 07:09:00
326,https://www.trendyol.com/3baby/12-parca-set-6-adet-muslin-fular-salya-onluk-6-adet-emzik-askisi-bebek-hediyelik-p-1044820722,bebek ürünleri,pending,2026-01-11 07:09:00
327,https://www.trendyol.com/xenon-smart/akilli-kamera-1080p-3mp-ptz-ic-mekan-cift-yonlu-ses-hareket-algilamali-guvenlik-kamerasi-p-834365708,bebek ürünleri,pending,2026-01-11 07:09:00
328,https://www.trendyol.com/3m/pd01001-e-a-r-classic-refill-500-lu-damacana-p-307638500,bebek ürünleri,pending,2026-01-11 07:09:00
329,https://www.trendyol.com/dalin/yeni-dogan-bebek-banyo-bakim-seti-11-parca-bebek-banyo-sepeti-p-762235813,bebek ürünleri,pending,2026-01-11 07:09:00
330,https://www.trendyol.com/home/minik-fare-surat-bolmeli-bambu-tabak-p-885057743,bebek ürünleri,pending,2026-01-11 07:09:00
331,https://www.trendyol.com/uni-baby/yenidogan-bebek-camasir-deterjani-seti-p-130988286,bebek ürünleri,pending,2026-01-11 07:09:00
332,https://www.trendyol.com/home/bambu-kasik-6-li-p-860060731,bebek ürünleri,pending,2026-01-11 07:09:00
333,https://www.trendyol.com/mutluluk-atolyem/erkek-bebek-icin-mavi-cicek-motifli-hediyelik-tesbihli-yasin-cuzu-kitabi-mevlut-seti-10-lu-paket-p-108252869,bebek ürünleri,pending,2026-01-11 07:09:00
334,https://www.trendyol.com/m-mimoza-park/cocuk-silikon-sapli-figurlu-metal-uclu-kasik-ve-catal-mama-kasigi-seti-karisik-gonderilmektedir-p-804082786,bebek ürünleri,pending,2026-01-11 07:09:00
335,https://www.trendyol.com/enciva/isimli-ozel-dogal-bebek-tarak-ve-ahsap-ani-kupu-seti-bebek-hediyelik-bakim-fotograf-yeni-dogan-p-803899053,bebek ürünleri,pending,2026-01-11 07:09:00
336,https://www.trendyol.com/omo/express-fresh-sensitive-beyaz-ve-renkliler-sivi-camasir-deterjani-1480ml-x1-p-1054042677,bebek ürünleri,pending,2026-01-11 07:09:00
337,https://www.trendyol.com/home/tavsan-bambu-tabak-seti-p-860158506,bebek ürünleri,pending,2026-01-11 07:09:00
338,https://www.trendyol.com/chicco/natural-feeling-yenidogan-biberon-seti-p-377365138,bebek ürünleri,pending,2026-01-11 07:09:00
339,https://www.trendyol.com/genel-markalar/kiz-bebek-fiyonk-detay-parlak-incili-0-4-ay-arasi-10cm-hediyelik-patik-lux-cirtcitli-p-814875174,bebek ürünleri,pending,2026-01-11 07:09:00
340,https://www.trendyol.com/pasyone/beyaz-kadin-sneaker-gunluk-ayakkabi-p-1070766714,spor ayakkabı,pending,2026-01-11 07:09:31
341,https://www.trendyol.com/u-s-polo-assn/merida-5fx-beyaz-kadin-sneaker-a101947178-p-894018177,spor ayakkabı,pending,2026-01-11 07:09:31
342,https://www.trendyol.com/riccon/beyaz-beyaz-kadin-sneaker-0012255-p-241528489,spor ayakkabı,pending,2026-01-11 07:09:31
343,https://www.trendyol.com/soho/siyah-siyah-kadin-sneaker-15226-p-46284512,spor ayakkabı,pending,2026-01-11 07:09:31
344,https://www.trendyol.com/pasyone/siyah-kadin-fileli-gunluk-ayakkabi-p-861184481,spor ayakkabı,pending,2026-01-11 07:09:31
345,https://www.trendyol.com/u-s-polo-assn/suri-5fx-beyaz-kadin-sneaker-a101947335-p-896903678,spor ayakkabı,pending,2026-01-11 07:09:31
346,https://www.trendyol.com/u-s-polo-assn/kadin-bej-sneaker-ayakkabi-p-698500487,spor ayakkabı,pending,2026-01-11 07:09:31
347,https://www.trendyol.com/adidas/vl-court-3-0-mor-kadin-sneaker-p-942134449,spor ayakkabı,pending,2026-01-11 07:09:31
348,https://www.trendyol.com/galya-shoes/kadin-beyaz-spor-ayakkabi-p-971989855,spor ayakkabı,pending,2026-01-11 07:09:31
349,https://www.trendyol.com/bershka/kalin-tabanli-skater-spor-ayakkabi-p-951428067,spor ayakkabı,pending,2026-01-11 07:09:31
350,https://www.trendyol.com/berat-kutlay/nb-530-beyaz-lacivert-spor-ayakkabi-p-863344719,spor ayakkabı,pending,2026-01-11 07:09:31
351,https://www.trendyol.com/genel-markalar/unisex-beyaz-sneaker-p-846165465,spor ayakkabı,pending,2026-01-11 07:09:31
352,https://www.trendyol.com/infinite8/unisex-ortopedik-triko-yuruyus-spor-ayakkabisi-gunluk-sneaker-p-807062121,spor ayakkabı,pending,2026-01-11 07:09:31
353,https://www.trendyol.com/bahrina/kadin-siyah-suet-platin-kalin-tabanli-sneaker-p-1082211992,spor ayakkabı,pending,2026-01-11 07:09:31
354,https://www.trendyol.com/tudors/erkek-slim-fit-dar-kesim-100-pamuk-yumusak-dokulu-siyah-v-yaka-tisort-p-867950367,erkek tişört,pending,2026-01-11 07:10:04
355,https://www.trendyol.com/tudors/unisex-slim-fit-dar-kesim-100-pamuk-yumusak-dokulu-beyaz-bisiklet-yaka-tisort-p-823674404,erkek tişört,pending,2026-01-11 07:10:04
356,https://www.trendyol.com/tudors/unisex-2-li-paket-beyaz-slim-fit-dar-kesim-100-pamuk-bisiklet-yaka-tisort-p-827051715,erkek tişört,pending,2026-01-11 07:10:04
357,https://www.trendyol.com/ltb/kisa-kollu-sifir-yaka-sign-baskili-regular-lacivert-t-shirt-p-930701611,erkek tişört,pending,2026-01-11 07:10:04
358,https://www.trendyol.com/ac-co-altinyildiz-classics/erkek-unisex-beyaz-100-pamuk-slim-fit-dar-kesim-bisiklet-yaka-basic-tisort-p-224555799,erkek tişört,pending,2026-01-11 07:10:04
359,https://www.trendyol.com/kaft/unisex-regular-fit-tasarim-t-shirt-mano-unus-p-899208992,erkek tişört,pending,2026-01-11 07:10:04
360,https://www.trendyol.com/wrangler/100-pamuk-regular-fit-normal-kesim-minimal-logo-siyah-tisort-p-921526590,erkek tişört,pending,2026-01-11 07:10:04
361,https://www.trendyol.com/combine-michail/standart-kalip-basic-relaxed-5-li-paket-t-shirt-p-676945562,erkek tişört,pending,2026-01-11 07:10:04
362,https://www.trendyol.com/ravanelli/erkek-tshirt-cekmeyen-pamuklu-kumas-slim-fit-dar-kesim-polo-yaka-tisort-p-899269100,erkek tişört,pending,2026-01-11 07:10:04
363,https://www.trendyol.com/grimelange/solo-erkek-100-organik-pamuklu-kalin-dokulu-comfort-fit-bisiklet-yakali-siyah-t-shirt-p-90429987,erkek tişört,pending,2026-01-11 07:10:04
364,https://www.trendyol.com/ac-co-altinyildiz-classics/erkek-unisex-haki-100-pamuk-slim-fit-dar-kesim-bisiklet-yaka-basic-tisort-p-224778175,erkek tişört,pending,2026-01-11 07:10:04
365,https://www.trendyol.com/kigili/bisiklet-yaka-regular-fit-100-pamuk-3-lu-tisort-seti-p-894955331,erkek tişört,pending,2026-01-11 07:10:04
366,https://www.trendyol.com/lc-waikiki/2-li-kampanyali-yazlik-kisa-kol-fermuar-detayli-triko-tisort-t-shirt-p-1075089089,erkek tişört,pending,2026-01-11 07:10:04
367,https://www.trendyol.com/tudors/unisex-slim-fit-dar-kesim-100-pamuk-yumusak-dokulu-gri-bisiklet-yaka-tisort-p-861964897,erkek tişört,pending,2026-01-11 07:10:04
368,https://www.trendyol.com/mavi/pro-logo-baskili-gri-tisort-loose-fit-bol-rahat-kesim-0613083-82577-p-979366029,erkek tişört,pending,2026-01-11 07:10:04
369,https://www.trendyol.com/combine-michail/standart-kalip-basic-bisiklet-yaka-nakis-detayli-5-li-t-shirt-paketi-p-665660922,erkek tişört,pending,2026-01-11 07:10:04
370,https://www.trendyol.com/calvin-klein/erkek-30s-micro-monologo-t-shirt-p-947715668,erkek tişört,pending,2026-01-11 07:10:04
371,https://www.trendyol.com/daxis-sportwear-company/unisex-baskili-bisiklet-yaka-t-shirt-p-925934512,erkek tişört,pending,2026-01-11 07:10:04
372,https://www.trendyol.com/maximillian/erkek-3-lu-100-pamuk-basic-bisiklet-yaka-t-shirt-p-927345216,erkek tişört,pending,2026-01-11 07:10:04
373,https://www.trendyol.com/tudors/erkek-regular-fit-klasik-kesim-100-pamuk-bisiklet-yaka-beyaz-tisort-p-1024854718,erkek tişört,pending,2026-01-11 07:10:04
374,https://www.trendyol.com/blackhorn/black-horn-erkek-bisiklet-yaka-100-pamuk-oversize-t-shirt-p-993068602,erkek tişört,pending,2026-01-11 07:10:04
375,https://www.trendyol.com/tudors/unisex-oversize-genis-kesim-100-pamuk-yumusak-dokulu-basic-bisiklet-yaka-siyah-tisort-p-817785986,erkek tişört,pending,2026-01-11 07:10:04
376,https://www.trendyol.com/shidumanlar/unisex-oversize-paris-dik-tasarimli-penye-tshirt-p-962409041,erkek tişört,pending,2026-01-11 07:10:04
377,https://www.trendyol.com/ac-co-altinyildiz-classics/erkek-unisex-siyah-100-pamuk-slim-fit-dar-kesim-bisiklet-yaka-basic-tisort-p-220686963,erkek tişört,pending,2026-01-11 07:10:04
378,https://www.trendyol.com/ac-co-altinyildiz-classics/erkek-siyah-lacivert-beyaz-slim-fit-dar-kesim-bisiklet-yaka-3-lu-100-pamuk-basic-tisort-paketi-p-50852706,erkek tişört,pending,2026-01-11 07:10:04
379,https://www.trendyol.com/grimelange/cultivated-erkek-3-lu-kalin-dokulu-regular-100-organik-pamuk-cok-renkli-t-shirt-p-90264793,erkek tişört,pending,2026-01-11 07:10:04
380,https://www.trendyol.com/ac-co-altinyildiz-classics/erkek-unisex-lacivert-100-pamuk-slim-fit-dar-kesim-bisiklet-yaka-basic-tisort-p-224080792,erkek tişört,pending,2026-01-11 07:10:04
381,https://www.trendyol.com/tudors/unisex-slim-fit-dar-kesim-100-pamuk-yumusak-dokulu-siyah-bisiklet-yaka-tisort-p-819588224,erkek tişört,pending,2026-01-11 07:10:04
382,https://www.trendyol.com/isilda-fashion/kadin-giyim-kase-bomber-ceket-p-874604099,kadın ceket,pending,2026-01-11 07:10:33
383,https://www.trendyol.com/network/vizon-baliksirti-desenli-kruvaze-ceket-p-1042349173,kadın ceket,pending,2026-01-11 07:10:33
384,https://www.trendyol.com/valeria-butik/gold-dugmeli-dokulu-sanel-kumas-blazer-ceket-p-1062014275,kadın ceket,pending,2026-01-11 07:10:33
385,https://www.trendyol.com/minasi-butik/rugan-seritli-tasli-kolej-yaka-fermuarli-ceket-p-1082553540,kadın ceket,pending,2026-01-11 07:10:33
386,https://www.trendyol.com/vaggon/alacati-stili-kadin-aci-kahve-cift-cepli-ici-suni-kurklu-suni-deri-biker-ceket-prm0408-p-792373827,kadın ceket,pending,2026-01-11 07:10:33
387,https://www.trendyol.com/lacase/suni-kurklu-siyah-pelus-ceket-p-895224699,kadın ceket,pending,2026-01-11 07:10:33
388,https://www.trendyol.com/lacase/suni-kurklu-pelus-ceket-p-765708741,kadın ceket,pending,2026-01-11 07:10:33
389,https://www.trendyol.com/loes-moment/yeni-sezon-kadin-oversize-kesim-vintage-deri-ceket-p-1020835405,kadın ceket,pending,2026-01-11 07:10:33
390,https://www.trendyol.com/lijuri/haki-kemerli-suet-ceket-7107-r8-k-k3-p-1081776441,kadın ceket,pending,2026-01-11 07:10:33
391,https://www.trendyol.com/lijuri/yakasi-deri-detayli-ve-genis-cepli-gabardin-ceket-7079-r5-b-k2-p-1074352040,kadın ceket,pending,2026-01-11 07:10:33
392,https://www.trendyol.com/ekim-store/kemerli-oversize-crop-deri-ceket-p-821627822,kadın ceket,pending,2026-01-11 07:10:33
393,https://www.trendyol.com/pull-bear/fitilli-yakali-mumlu-gorunumlu-ceket-p-987886623,kadın ceket,pending,2026-01-11 07:10:33
394,https://www.trendyol.com/genel-markalar/kadin-bej-premium-suni-kurk-ceket-ticaretjet-p-871331864,kadın ceket,pending,2026-01-11 07:10:33
395,https://www.trendyol.com/isilda-fashion/kadin-giyim-kase-bomber-ceket-p-876139370,kadın ceket,pending,2026-01-11 07:10:33
396,https://www.trendyol.com/meecy/kadin-siyah-oversize-ceket-p-785836685,kadın ceket,pending,2026-01-11 07:10:33
397,https://www.trendyol.com/esrahelvaci/kahve-dugmeli-suet-ceket-p-1019671078,kadın ceket,pending,2026-01-11 07:10:33
398,https://www.trendyol.com/touche-prive/cicek-desenli-denim-ceket-p-1047391401,kadın ceket,pending,2026-01-11 07:10:33
399,https://www.trendyol.com/stradivarius/suslu-dugmeli-suni-kurk-ceket-p-1049262079,kadın ceket,pending,2026-01-11 07:10:33
400,https://www.trendyol.com/bigdart/kadin-kahverengi-oversize-suet-ceket-1055-p-1042163651,kadın ceket,pending,2026-01-11 07:10:33
401,https://www.trendyol.com/vess-moda/ici-pelus-detayli-kemerli-deri-ceket-p-1063169355,kadın ceket,pending,2026-01-11 07:10:33
402,https://www.trendyol.com/deafox/siyah-ici-pelus-suni-suet-ceket-p-769545949,kadın ceket,pending,2026-01-11 07:10:33
403,https://www.trendyol.com/zueofficial/kadin-kazayagi-desenli-ceket-p-1070893680,kadın ceket,pending,2026-01-11 07:10:33
404,https://www.trendyol.com/genel-markalar/oversize-apolet-detayli-suet-kumas-ceket-p-1040589000,kadın ceket,pending,2026-01-11 07:10:33
405,https://www.trendyol.com/tokaris-tekstil/kadin-kase-kumas-bomber-ceket-p-1047049202,kadın ceket,pending,2026-01-11 07:10:33
406,https://www.trendyol.com/zabata/2-adet-tabaklik-rafi-tabak-kurutmalik-mutfak-ve-tezgah-duzenleyici-bulasiklik-organizer-standi-p-897896508,mutfak gereçleri,pending,2026-01-11 07:11:03
407,https://www.trendyol.com/pella/tezgah-bezi-ithal-40x40cm-yesil-yuksek-su-emici-sikilmasi-en-kolay-p-884237496,mutfak gereçleri,pending,2026-01-11 07:11:03
408,https://www.trendyol.com/mutfak-kosesi/2-katli-tekerlekli-duzenleyici-rafsiyah-banyo-dolabi-mutfak-tezgah-ve-evye-alti-deterjanlik-p-836372287,mutfak gereçleri,pending,2026-01-11 07:11:03
409,https://www.trendyol.com/moxy-home/desenli-mikrofiber-temizlik-bezi-3-lu-set-limon-desenli-30x30cm-p-968798461,mutfak gereçleri,pending,2026-01-11 07:11:03
410,https://www.trendyol.com/mimoza-park/1-adet-buzdolabi-kapak-ici-duzenleyici-organizer-buzdolabi-ici-duzenleyici-ve-banyo-organizer-p-1025238620,mutfak gereçleri,pending,2026-01-11 07:11:03
411,https://www.trendyol.com/genel-markalar/1-adet-mikrofiber-yumusak-dokulu-temizlik-bezi-30-30-cm-mutfak-bezi-leke-tutmaz-p-854662607,mutfak gereçleri,pending,2026-01-11 07:11:03
412,https://www.trendyol.com/akdag-home/tekli-paslanmaz-bulasik-sungeri-tutucu-yapiskanli-askilik-cift-tarafli-yapiskanli-gri-p-994085835,mutfak gereçleri,pending,2026-01-11 07:11:03
413,https://www.trendyol.com/teknotrust/mutfak-kaydirmaz-seffaf-raflik-kaymaz-dolap-ici-cekmece-ortusu-pvc-45x300-cm-koruyucu-eva-kalinn-p-811173329,mutfak gereçleri,pending,2026-01-11 07:11:03
414,https://www.trendyol.com/melkan-home/cok-amacli-suzgec-pirinc-suzgeci-3-litre-krem-p-151490634,mutfak gereçleri,pending,2026-01-11 07:11:03
415,https://www.trendyol.com/pella/yer-silme-bezi-50x70-1-adet-p-871340184,mutfak gereçleri,pending,2026-01-11 07:11:03
416,https://www.trendyol.com/tarzmina-ticaret/profesyonel-7-temizleme-baslikli-dijital-banyo-mutfak-arac-temizlik-fircasi-seti-2-yil-garanti-p-842961251,mutfak gereçleri,pending,2026-01-11 07:11:03
417,https://www.trendyol.com/pella/active-camasir-suyu-ile-kullanilabilen-tek-mikrofiber-3-lu-temizlik-bezi-40x60-buyuk-boy-p-748530263,mutfak gereçleri,pending,2026-01-11 07:11:03
418,https://www.trendyol.com/pella/sihirli-bez-mikrofiber-temizlik-bezi-3-lu-paket-p-174744183,mutfak gereçleri,pending,2026-01-11 07:11:03
419,https://www.trendyol.com/melkan-home/kapakli-yuvarlak-kase-3-lu-set-krem-renk-0-6l-2-5l-4l-p-89248186,mutfak gereçleri,pending,2026-01-11 07:11:03
420,https://www.trendyol.com/keyfisepet-en-keyifli-sepet/duvara-monte-metal-kupa-askiligi-rafli-mutfak-organizeri-bardak-ve-tabak-duzenleyici-raf-p-936849712,mutfak gereçleri,pending,2026-01-11 07:11:03
421,https://www.trendyol.com/nyskoljd/iz-birakmayan-mikrofiber-temizlik-bezleri-sihirli-cam-bezi-mutfak-bezi-40x60-cm-3-adet-p-844757480,mutfak gereçleri,pending,2026-01-11 07:11:03
422,https://www.trendyol.com/roza-s-home/6-adet-dolap-ici-duzenleyici-raf-bardak-rafi-duzenleme-rafi-org-01-p-894878820,mutfak gereçleri,pending,2026-01-11 07:11:03
423,https://www.trendyol.com/mihel/gloss-aircontrol-mega-mix-9-lu-suzgecli-havalandirmali-kapakli-buzdolabi-dolap-ici-duzenleyici-p-781723183,mutfak gereçleri,pending,2026-01-11 07:11:03
424,https://www.trendyol.com/mirilliahome/44-parca-ceyiz-seti-ceyiz-paketi-mutfak-arac-gerecleri-servis-masa-seti-p-314286236,mutfak gereçleri,pending,2026-01-11 07:11:03
425,https://www.trendyol.com/genel-markalar/6li-takim-yanmaz-yapismaz-mutfak-pasta-slikon-yumurta-fircasi-kasik-bicak-spatula-seti-koza-gift-p-713699226,mutfak gereçleri,pending,2026-01-11 07:11:03
426,https://www.trendyol.com/roza-s-home/3-adet-cok-amacli-kayar-raf-fonksiyonel-kiyafet-ev-aksesuari-duzenleyici-hareketli-raf-beyaz-p-928222418,mutfak gereçleri,pending,2026-01-11 07:11:03
427,https://www.trendyol.com/genel-markalar/3-kademeli-pratik-yaprak-sarma-makinesi-kolay-yaprak-sarma-aparati-premium-kalite-p-792762058,mutfak gereçleri,pending,2026-01-11 07:11:03
428,https://www.trendyol.com/euro-pink/super-musluk-mati-tezgahinizin-kurtaricisi-p-1070508075,mutfak gereçleri,pending,2026-01-11 07:11:03
429,https://www.trendyol.com/bella-maison/handle-kaseli-suzgec-bej-25-5x25-5x10-8-cm-p-828912584,mutfak gereçleri,pending,2026-01-11 07:11:03
430,https://www.trendyol.com/genel-markalar/blackstar-32-li-cekmeceli-yumurta-organizeri-1-adet-p-974613220,mutfak gereçleri,pending,2026-01-11 07:11:03
431,https://www.trendyol.com/vienev/4-lu-3-bolmeli-yuvarlak-saklama-kabi-1-2-litre-antrasit-p-805257492,mutfak gereçleri,pending,2026-01-11 07:11:03
432,https://www.trendyol.com/oes-home/6-li-sizdirmaz-silikon-contali-kahvaltilik-saklama-kabi-seti-p-1026265110,mutfak gereçleri,pending,2026-01-11 07:11:03
433,https://www.trendyol.com/mutfak-kosesi/tencereye-takilabilen-ince-tel-suzgec-un-elegi-suzgec-kevgir-17-cm-p-385215987,mutfak gereçleri,pending,2026-01-11 07:11:03
434,https://www.trendyol.com/rosa-sipresso/lcd-ekranli-kalemli-dijital-cizim-tableti-yazi-tahtasi-boyama-resim-icin-akilli-cocuk-tablet-8-5-inc-p-732253729,oyuncak,pending,2026-01-11 07:11:33
435,https://www.trendyol.com/elele/sisirilebilen-su-aktivite-ve-oyun-mati-mavi-p-645154945,oyuncak,pending,2026-01-11 07:11:33
436,https://www.trendyol.com/lego/technic-monster-jam-thunderroarus-cek-birak-42200-7-oyuncak-model-yapim-seti-232pr-p-883914693,oyuncak,pending,2026-01-11 07:11:33
437,https://www.trendyol.com/lego/technic-koenigsegg-jesko-absolut-beyaz-hiper-araba-42184-10-oyuncak-araba-yapim-seti-801p-p-846409302,oyuncak,pending,2026-01-11 07:11:33
438,https://www.trendyol.com/go-toys/ilk-oyun-evim-xxl-boy-dayanikli-karton-boyama-aktivite-evi-boyanabilir-karton-cadir-boyama-evi-p-847360487,oyuncak,pending,2026-01-11 07:11:33
439,https://www.trendyol.com/genel-markalar/beyaz-8-5-inc-lcd-grafik-not-yazma-ve-cizim-tableti-beyaz-p-33076382,oyuncak,pending,2026-01-11 07:11:33
440,https://www.trendyol.com/genel-markalar/tetris-nostaljik-oyuncak-atari-pilli-tetris-el-atarisi-unutulmayan-tetris-oyun-sampiyon-ticaret-p-36910706,oyuncak,pending,2026-01-11 07:11:33
441,https://www.trendyol.com/cinar-bez-canta/eglenceli-aktiviteler-baskili-boyama-cuzdanlari-10-adet-p-890453159,oyuncak,pending,2026-01-11 07:11:33
442,https://www.trendyol.com/lego/city-polis-hapishane-adasi-60419-7-cocuklar-icin-yaratici-oyuncak-yapim-seti-980p-p-796341638,oyuncak,pending,2026-01-11 07:11:33
443,https://www.trendyol.com/cocota-toys-wooden-fun/oyun-hamuru-seti-play-doh-4-lu-oyun-hamuru-merdane-sekil-kaliplari-ve-enjektor-pres-seti-p-762486854,oyuncak,pending,2026-01-11 07:11:33
444,https://www.trendyol.com/lego/botanicals-cicek-buketi-10280-yetiskinler-icin-dekoratif-cicek-model-yapim-seti-756-parca-p-73193397,oyuncak,pending,2026-01-11 07:11:33
445,https://www.trendyol.com/elele/happy-bear-katlanabilir-oyun-mati-oyun-halisi-180x200x1-cm-xfd216-happy-bear-p-887127402,oyuncak,pending,2026-01-11 07:11:33
446,https://www.trendyol.com/ankahometoys/puzzle-city-3d-yapi-ve-tasarim-bloklari-128-parca-egitici-oyuncak-puzzle-blok-set-eglenceli-oyuncak-p-955779223,oyuncak,pending,2026-01-11 07:11:33
447,https://www.trendyol.com/lego/botanicals-mutlu-bitkiler-10349-9-cocuklar-icin-dekoratif-cicek-yapim-seti-217p-p-936885083,oyuncak,pending,2026-01-11 07:11:33
448,https://www.trendyol.com/zodiac-store/moodun-hangisi-eglenceli-oyunu-what-ona-do-hangi-kart-modsun-bi-moodsun-you-modun-meme-mood-yolla-p-763067496,oyuncak,pending,2026-01-11 07:11:33
449,https://www.trendyol.com/myminibaby/ahsap-denge-bisikleti-12-inc-2-5-yas-p-32737265,oyuncak,pending,2026-01-11 07:11:33
450,https://www.trendyol.com/toyuncakci/kinetik-oyun-kumu-4-renk-2-kg-kum-ve-6-adet-oyun-kalibi-hediyeli-p-865819008,oyuncak,pending,2026-01-11 07:11:33
451,https://www.trendyol.com/solo/test-zeka-oyunu-oyuncagi-p-43760183,oyuncak,pending,2026-01-11 07:11:33
452,https://www.trendyol.com/rozitoys/ahsap-oyuncak-mutfak-montessori-mutfak-led-ocakli-cocuk-mutfagi-hediye-hali-dbk101-p-792876019,oyuncak,pending,2026-01-11 07:11:33
453,https://www.trendyol.com/genel-markalar/osmey-mofusand-hippers-surpriz-figur-sonny-angel-kedi-charmi-karisik-p-928769793,oyuncak,pending,2026-01-11 07:11:33
454,https://www.trendyol.com/bayramtoys/stitch-yeni-trend-surpriz-kutusunda-stitch-orjinal-avda-p-986200315,oyuncak,pending,2026-01-11 07:11:33
455,https://www.trendyol.com/ogi-mogi-toys/egitici-bloklar-pembe-harika-valiz-519-parca-yapi-seti-p-979517301,oyuncak,pending,2026-01-11 07:11:33
456,https://www.trendyol.com/genel-markalar/wooden-toys-dogal-ahsap-egitici-oyuncak-7-parca-orta-tangram-p-148717143,oyuncak,pending,2026-01-11 07:11:33
457,https://www.trendyol.com/lego/city-polis-arazi-araci-takibi-60449-6-cocuklar-icin-yaratici-oyuncak-araba-yapim-seti-467p-p-900541340,oyuncak,pending,2026-01-11 07:11:33
458,https://www.trendyol.com/rosalind/direnc-lastigi-ve-direnc-bant-seti-16-parca-p-888158846,spor ekipmanları,pending,2026-01-11 07:12:05
459,https://www.trendyol.com/elya-pilates/tum-vucut-fitnessi-icin-ideal-pilates-seti-mindere-dambila-ve-daha-fazlasina-sahip-p-862878665,spor ekipmanları,pending,2026-01-11 07:12:05
460,https://www.trendyol.com/discovery-expedition/d5wm-mnt3992-gri-relaxed-baskili-erkek-kayak-montu-p-1048603076,spor ekipmanları,pending,2026-01-11 07:12:05
461,https://www.trendyol.com/relax/katlanabilir-cok-fonksiyonlu-pilates-reformer-tahtasi-tum-vucut-egzersiz-aleti-p-970593999,spor ekipmanları,pending,2026-01-11 07:12:05
462,https://www.trendyol.com/fitset/68-kg-z-barli-halter-seti-ve-dambil-seti-agirlik-fitness-seti-p-98287769,spor ekipmanları,pending,2026-01-11 07:12:05
463,https://www.trendyol.com/delta/latex-3-lu-aerobik-pilates-direnc-egzersiz-bandi-squat-calisma-lastigi-uc-kismi-kapali-p-36423727,spor ekipmanları,pending,2026-01-11 07:12:05
464,https://www.trendyol.com/discovery-expedition/d4wm-mnt3991-cok-renkli-regular-fit-duz-erkek-kayak-montu-p-1045819589,spor ekipmanları,pending,2026-01-11 07:12:05
465,https://www.trendyol.com/musclecloth/big-pro-lifting-straps-siyah-p-140283211,spor ekipmanları,pending,2026-01-11 07:12:05
466,https://www.trendyol.com/savur/professional-ankle-strap-ayak-bilegi-kayislari-fitness-ayak-bilekligi-2-adet-p-813659463,spor ekipmanları,pending,2026-01-11 07:12:05
467,https://www.trendyol.com/indirimkap/profesyonel-jimnastik-egitim-bandi-9-seviyeli-pilates-yoga-direnc-spor-elastik-gergi-yoga-bandi-p-307716241,spor ekipmanları,pending,2026-01-11 07:12:05
468,https://www.trendyol.com/esi-fitness/duvar-tipi-cable-crossover-lat-puldown-pushdown-row-biceps-triceps-omuz-calisma-istasyonu-p-83263837,spor ekipmanları,pending,2026-01-11 07:12:05
469,https://www.trendyol.com/usr/nk5-5-kg-neopren-kettlebell-p-199439482,spor ekipmanları,pending,2026-01-11 07:12:05
470,https://www.trendyol.com/enahsen/2d-ozellikli-profesyonel-titresimli-egzersiz-aleti-basen-karin-bacak-spor-aleti-p-893328976,spor ekipmanları,pending,2026-01-11 07:12:05
471,https://www.trendyol.com/kochler/pilates-aleti-zamanlayicili-direnc-bantli-cok-amacli-egzersiz-tahtasi-p-945861006,spor ekipmanları,pending,2026-01-11 07:12:05
472,https://www.trendyol.com/usr/ads242-24-kg-ayarlanabilir-dambil-p-55118853,spor ekipmanları,pending,2026-01-11 07:12:05
473,https://www.trendyol.com/ultio-spor/son-kalite-pilates-seti-inanilmaz-fiyat-pilates-minderi-2-adet-dambil-squat-band-atlama-ipi-direnc-p-301144554,spor ekipmanları,pending,2026-01-11 07:12:05
474,https://www.trendyol.com/ckspor/15-kg-active-sert-loop-direnc-bandi-super-loop-bandi-egzersiz-direnc-lastigi-p-784876503,spor ekipmanları,pending,2026-01-11 07:12:05
475,https://www.trendyol.com/ultio-spor/son-kalite-pilates-seti-inanilmaz-fiyat-pilates-minderi-2-adet-dambil-squat-band-atlama-ipi-direnc-p-266803138,spor ekipmanları,pending,2026-01-11 07:12:05
476,https://www.trendyol.com/telvesse/5-farkli-pilates-direnc-bandi-cantali-latex-aerobik-egzersiz-squat-lastigi-loop-bant-kapali-uc-pembe-p-962702791,spor ekipmanları,pending,2026-01-11 07:12:05
477,https://www.trendyol.com/dambilcim/dambil-seti-5-kg-x-2-adet-p-31298144,spor ekipmanları,pending,2026-01-11 07:12:05
478,https://www.trendyol.com/robo/ac-kapa-egzersiz-aleti-p-959838316,spor ekipmanları,pending,2026-01-11 07:12:05
479,https://www.trendyol.com/discovery-expedition/d5wm-mnt3712-kemik-relaxed-duz-erkek-kayak-montu-p-1048601017,spor ekipmanları,pending,2026-01-11 07:12:05
480,https://www.trendyol.com/robo/muzikli-duvar-boks-padi-p-822488996,spor ekipmanları,pending,2026-01-11 07:12:05
481,https://www.trendyol.com/walke/w-fit-bluetoothlu-uygulamali-uzaktan-kumandali-kosu-bandi-yuruyus-bandi-p-785756243,spor ekipmanları,pending,2026-01-11 07:12:05
482,https://www.trendyol.com/gazelmanya/6-li-direnc-lastigi-seti-pilates-seti-pilates-lastigi-kalca-egzersiz-seti-direnc-lastikli-ayak-kayis-p-938081542,spor ekipmanları,pending,2026-01-11 07:12:05
483,https://www.trendyol.com/delta/body-trimmer-jimnastik-egzersiz-mekik-kondisyon-kurek-aleti-p-175741849,spor ekipmanları,pending,2026-01-11 07:12:05
484,https://www.trendyol.com/whs-store/bel-kemerli-kombo-korse-p-984225466,spor ekipmanları,pending,2026-01-11 07:12:05
485,https://www.trendyol.com/asviva/c16-bluetooth-beyaz-capraz-bisiklet-egzersiz-bisikleti-cok-fonksiyonlu-fitness-cihazi-p-947182882,spor ekipmanları,pending,2026-01-11 07:12:05
486,https://www.trendyol.com/discovery-expedition/d5wl-mnt3565-kirmizi-relaxed-desenli-kadin-kayak-montu-p-1045833106,spor ekipmanları,pending,2026-01-11 07:12:05
487,https://www.trendyol.com/esi-fitness/makara-fitness-seti-lat-pulldown-triceps-biceps-sirt-cekis-calisma-istasyonu-p-112208451,spor ekipmanları,pending,2026-01-11 07:12:05
488,https://www.trendyol.com/lefty/montajsiz-petek-ustu-ucan-raf-dresuar-kalorifer-petegi-rafi-kitaplik-100-x-18-cm-beyaz-oval-kesim-p-785160424,ev dekorasyonu,pending,2026-01-11 07:12:36
489,https://www.trendyol.com/dnz-dekor/antik-yunan-stili-2-li-heykel-mum-p-1020114534,ev dekorasyonu,pending,2026-01-11 07:12:36
490,https://www.trendyol.com/venucci-home-living/larin-modern-sisal-jut-toz-vermez-balkon-bahce-mutfak-kilimi-p-884899477,ev dekorasyonu,pending,2026-01-11 07:12:36
491,https://www.trendyol.com/pey-aksesuar/pleksi-ahsap-kapi-susu-isimsiz-p-961161368,ev dekorasyonu,pending,2026-01-11 07:12:36
492,https://www.trendyol.com/aa-shop/ahsap-siyah-ceviz-mobilya-renk-desenli-yilbasi-hediyelik-sessiz-duvar-saati-50cm-p-794707650,ev dekorasyonu,pending,2026-01-11 07:12:36
493,https://www.trendyol.com/overmax/sevimli-oturan-dekoratif-3-lu-ayicik-kahve-kosesi-seti-modern-minimal-masa-ustu-hediyelik-biblo-p-1079752383,ev dekorasyonu,pending,2026-01-11 07:12:36
494,https://www.trendyol.com/vento-home/genel-markalar-ahsap-dekoratif-3-lu-halatli-raf-p-378943633,ev dekorasyonu,pending,2026-01-11 07:12:36
495,https://www.trendyol.com/vantes/dekoratif-vazo-oda-kokusu-set-3lu-obje-biblo-oda-kokusu-japon-kirazi-cicek-dahil-degildir-p-955905032,ev dekorasyonu,pending,2026-01-11 07:12:36
496,https://www.trendyol.com/eliz-home/bulut-desenli-krem-renk-dokuma-hali-bebek-odasi-cocuk-odasi-halisi-1-p-930065795,ev dekorasyonu,pending,2026-01-11 07:12:36
497,https://www.trendyol.com/plush-soft/pelus-papatya-dekoratif-yastik-kirlent-minder-kumas-antialerjik-p-925943633,ev dekorasyonu,pending,2026-01-11 07:12:36
498,https://www.trendyol.com/pey-aksesuar/duvar-saati-ahsap-p-206543991,ev dekorasyonu,pending,2026-01-11 07:12:36
499,https://www.trendyol.com/lilac-home/yapay-cicek-top-krizantem-7-li-kar-topu-demeti-30-cm-kirik-beyaz-p-977397685,ev dekorasyonu,pending,2026-01-11 07:12:36
500,https://www.trendyol.com/bino/modern-kahve-kosesi-cok-amacli-mutfak-dolaplari-3lu-set-luks-katlanir-mutfak-masasi-duzenleyici-p-796452864,ev dekorasyonu,pending,2026-01-11 07:12:36
501,https://www.trendyol.com/evrium-home/krem-pamuk-taban-modern-desen-ozel-olcu-salon-koridor-cocuk-antre-oturma-odasi-hali-yolluk-p-1029060930,ev dekorasyonu,pending,2026-01-11 07:12:36
502,https://www.trendyol.com/pey-aksesuar/kisiye-ozel-cicekli-ahsap-kapi-numarasi-kapi-susu-p-989806925,ev dekorasyonu,pending,2026-01-11 07:12:36
503,https://www.trendyol.com/cavdar-mobilya-dekorasyon/paris-makyaj-tuvalet-masasi-sadece-masa-fiyatidir-p-797671936,ev dekorasyonu,pending,2026-01-11 07:12:36
504,https://www.trendyol.com/genel-markalar/3lu-iskandinav-tarzi-bohem-vazo-10-cm-hediyelik-pinterest-pampas-vazosu-set-vazo-dekoratif-esya-p-872032647,ev dekorasyonu,pending,2026-01-11 07:12:36
505,https://www.trendyol.com/algorand-home/luks-rahat-pembe-pelus-alan-halisi-yumusak-makinede-yikanabilir-yatak-odasi-oturma-odasi-ofis-dekoru-p-894871101,ev dekorasyonu,pending,2026-01-11 07:12:36
506,https://www.trendyol.com/aymumi-home/dekoratif-5li-set-mum-cizgili-vazo-tealight-mumluk-ve-oda-kokusu-seti-p-861362964,ev dekorasyonu,pending,2026-01-11 07:12:36
507,https://www.trendyol.com/s-link/sl-cw21-telefon-uyumlu-fast-sarj-15w-ayarlanabilir-led-isikli-lcd-ekran-double-alarmli-beyaz-p-864746404,ev dekorasyonu,pending,2026-01-11 07:12:36
508,https://www.trendyol.com/serenti-home/dekoratif-duvar-rafi-beyaz-70-x-20-cm-p-952567390,ev dekorasyonu,pending,2026-01-11 07:12:36
509,https://www.trendyol.com/aslanbutik/makrome-ozel-orgu-salincak-hamak-pamuk-ip-60-x-80-p-84721905,ev dekorasyonu,pending,2026-01-11 07:12:36
510,https://www.trendyol.com/pey-aksesuar/pleksi-ahsap-kapi-susu-isimsiz-p-961161381,ev dekorasyonu,pending,2026-01-11 07:12:36
511,https://www.trendyol.com/pey-aksesuar/ayna-degildir-isikli-led-3-boyutlu-piyano-luxs-model-aynali-duvar-saati-pleksi-tablolu-p-904307967,ev dekorasyonu,pending,2026-01-11 07:12:36
512,https://www.trendyol.com/pey-aksesuar/metal-camli-duvar-saati-isikli-gercek-cam-duvar-saati-modern-tasarim-p-838637017,ev dekorasyonu,pending,2026-01-11 07:12:36
513,https://www.trendyol.com/dekomod/dekoratif-dijital-baskili-kaymaz-taban-yikanabilir-tuylenmez-kadife-kumas-anti-alerjik-yolluk-p-144545232,ev dekorasyonu,pending,2026-01-11 07:12:36
514,https://www.trendyol.com/altinpamuk/balkon-perdesi-enxboy-secenekli-bagcikli-balkon-brandasi-duz-bej-ty801-p-733021189,ev dekorasyonu,pending,2026-01-11 07:12:36
515,https://www.trendyol.com/linos-home/ozel-dekoratif-suni-cim-hali-suya-dayanikli-7mm-teras-balkon-bahce-sonsuz-ebat-p-926217070,ev dekorasyonu,pending,2026-01-11 07:12:36
516,https://www.trendyol.com/pey-aksesuar/metal-camli-duvar-saati-isikli-gercek-cam-duvar-saati-modern-tasarim-p-834022096,ev dekorasyonu,pending,2026-01-11 07:12:36
517,https://www.trendyol.com/ync-aydinlatma/pilli-duvar-aydinlatmasi-duvar-aplik-ic-mekan-3000k-1-adet-siyah-aplik-1-adet-p-898896061,ev dekorasyonu,pending,2026-01-11 07:12:36
518,https://www.trendyol.com/rex-aksesuar/kitap-okuyan-hayalet-led-biblo-dekoratif-lamba-hayalet-masa-ustu-dekor-p-1044259012,ev dekorasyonu,pending,2026-01-11 07:12:36
519,https://www.trendyol.com/pey-aksesuar/hosgeldiniz-yazili-aynali-pleksi-ahsap-kapi-susu-dekoratif-dis-kapi-susu-beyaz-p-787566945,ev dekorasyonu,pending,2026-01-11 07:12:36
520,https://www.trendyol.com/jeonju/pirinc-mayasi-beyazlatici-aydinlatici-leke-karsiti-nemlendiri-tonik-p-813530927,kişisel bakım,pending,2026-01-11 07:13:13
521,https://www.trendyol.com/lazim-shop/ince-uclu-kas-biyik-yuz-tuy-alma-epilasyon-aleti-p-922211325,kişisel bakım,pending,2026-01-11 07:13:13
522,https://www.trendyol.com/luis-bien/dis-beyazlatma-seti-organik-aktif-karbonlu-cay-kahve-ve-sigara-lekesi-karsiti-plak-onleyici-p-4950450,kişisel bakım,pending,2026-01-11 07:13:13
523,https://www.trendyol.com/la-roche-posay/effaclar-duo-m-yagli-ve-akneye-egilimli-ciltler-icin-yuz-bakim-kremi-40-ml-p-2368487,kişisel bakım,pending,2026-01-11 07:13:13
524,https://www.trendyol.com/rexona/men-erkek-sprey-deodorant-energise-bergamot-amber-150-ml-p-934459218,kişisel bakım,pending,2026-01-11 07:13:13
525,https://www.trendyol.com/acarlarticaret/19-parca-lux-keseli-makyaj-firca-seti-makyaj-sungeri-ve-firca-seti-p-803185134,kişisel bakım,pending,2026-01-11 07:13:13
526,https://www.trendyol.com/la-roche-posay/effaclar-a-z-10-azelaik-asit-iceren-sivilce-sivilce-izi-kirisiklik-karsiti-jel-krem-40ml-p-967617402,kişisel bakım,pending,2026-01-11 07:13:13
527,https://www.trendyol.com/tala/karinca-yumurtasi-yagi-tuy-azaltici-tuy-inceltici-tuy-dokucu-20-ml-p-41161878,kişisel bakım,pending,2026-01-11 07:13:13
528,https://www.trendyol.com/beyzana/banyo-vucut-dus-sungeri-sihirli-vucut-olu-deri-sokucu-vucut-masaj-peeling-fircasi-sungeri-p-684150300,kişisel bakım,pending,2026-01-11 07:13:13
529,https://www.trendyol.com/garnier/micellar-kusursuz-makyaj-temizleme-suyu-200ml-2-li-set-p-274286591,kişisel bakım,pending,2026-01-11 07:13:13
530,https://www.trendyol.com/new-well/ton-esitleyici-yuksek-koruma-etkili-spf50-aydinlatici-pembe-yuz-gunes-kremi-50-ml-p-735885774,kişisel bakım,pending,2026-01-11 07:13:13
531,https://www.trendyol.com/palmolive/massage-500-ml-palmolive-natural-almond-po-moments-500-ml-p-824194769,kişisel bakım,pending,2026-01-11 07:13:13
532,https://www.trendyol.com/palmolive/aroma-sensations-feel-the-glow-banyo-ve-dus-jeli-500-ml-x-2-adet-seyahat-kiti-hediye-p-36307541,kişisel bakım,pending,2026-01-11 07:13:13
533,https://www.trendyol.com/mujgan/buffer-slique-pratik-i-ple-kas-biyik-tuy-alma-epilasyon-aleti-makinesi-p-46698881,kişisel bakım,pending,2026-01-11 07:13:13
534,https://www.trendyol.com/bargello/122-kadin-50-ml-parfum-edp-oriental-p-94542562,kişisel bakım,pending,2026-01-11 07:13:13
535,https://www.trendyol.com/dermoten/kas-kirpik-bakim-serumu-keratin-e-vitamini-ve-dogal-yag-icerikli-20-ml-p-371107156,kişisel bakım,pending,2026-01-11 07:13:13
536,https://www.trendyol.com/embeauty/kolajen-ve-keratin-sac-dokulmesine-karsi-hizli-sac-uzatan-dolgunlastirici-onarici-besleyici-sampuan-p-776827526,kişisel bakım,pending,2026-01-11 07:13:13
537,https://www.trendyol.com/dermoten/goz-alti-kremi-kirisiklik-kararma-kuruluk-icin-aydinlatici-nemlendirici-goz-cevresi-kremi-15-ml-p-741191337,kişisel bakım,pending,2026-01-11 07:13:13
538,https://www.trendyol.com/bargello/134-kadin-50-ml-parfum-edp-oriental-p-41194164,kişisel bakım,pending,2026-01-11 07:13:13
539,https://www.trendyol.com/rexona/men-erkek-sprey-deodorant-energise-bergamot-amber-150-ml-x3-p-934461314,kişisel bakım,pending,2026-01-11 07:13:13
540,https://www.trendyol.com/nilu-moda/crystal-eraser-epilasyon-aleti-tuy-dokucu-tuy-silgisi-kristal-tas-rose-gold-p-356495900,kişisel bakım,pending,2026-01-11 07:13:13
541,https://www.trendyol.com/zdrave/leke-kremi-30-gr-3-lu-avantajli-paket-p-340595289,kişisel bakım,pending,2026-01-11 07:13:13
542,https://www.trendyol.com/la-roche-posay/makyaj-cantasi-hediyeli-karma-ve-yagli-ciltler-icin-effaclar-cilt-bakim-seti-p-1024705750,kişisel bakım,pending,2026-01-11 07:13:13
543,https://www.trendyol.com/la-roche-posay/cicaplast-baume-b5-40-ml-p-132481,kişisel bakım,pending,2026-01-11 07:13:13
544,https://www.trendyol.com/enq/ultra-nemlendirici-suya-dayanikli-yuksek-pigmentli-dudak-balsami-uzun-sure-kalici-lip-balm-p-873063356,kişisel bakım,pending,2026-01-11 07:13:13
545,https://www.trendyol.com/rexona/men-advanced-protection-erkek-stick-deodorant-extreme-fresh-50-ml-p-935130516,kişisel bakım,pending,2026-01-11 07:13:13
546,https://www.trendyol.com/rexona/men-advanced-protection-erkek-stick-deodorant-extreme-fresh-50-ml-x2-p-935131574,kişisel bakım,pending,2026-01-11 07:13:13
547,https://www.trendyol.com/colgate/optic-white-kahve-cay-kullananlar-50ml-2-li-dis-macunu-orta-dis-fircasi-agiz-bakim-suyu-250ml-p-104012126,kişisel bakım,pending,2026-01-11 07:13:13
548,https://www.trendyol.com/luis-bien/organik-aktif-karbon-dis-beyazlatma-seti-bambu-fircali-kalici-etkili-cay-kahve-sigara-lekeleri-p-46485082,kişisel bakım,pending,2026-01-11 07:13:13
549,https://www.trendyol.com/arifoglu/hindistan-cevizi-yagi-330-ml-arifoglu-soguk-sikim-cold-pressed-virgin-coconut-oil-p-96535114,kişisel bakım,pending,2026-01-11 07:13:13
550,https://www.trendyol.com/the-mimosa-care/cilek-ozlu-nem-bombasi-aninda-batik-karsiti-el-vucut-peeling-p-780013089,kişisel bakım,pending,2026-01-11 07:13:13
551,https://www.trendyol.com/neo-hair-lotion/neo-hair-sprey-120-ml-sac-dokulmesi-onleyici-p-635260494,kişisel bakım,pending,2026-01-11 07:13:13
